"['ana', 'anamia', 'anarexia', 'meanspo', 'thinspo', 'th1nspo', 'th1nsp0', 'tinspo', 'firblr', 'weightloss', 'ed', 'sweetspo', 'sw33tspo', 'sw33tsp0', 'm34nspo', 'm34nsp0', 'm3anspo']",[]
"['bullimix', 'i wanna be small', 'i want to be happy', 'anamia', 'ed fast', 'i will be skiny', 'skinnnny', 'not pr0 anything', 'adhd']",[]
"['anamia', 'ana rant', 'ed rant']",[]
"['ala diary moment', 'anarecyx', 'anarecja', ""it's not as simple as just eating"", 'anamia', 'i wanna be weightless', 'bulimima', 'bulimba']",[]
"['anamia', 'aneroxix', 'skinnnny', 'weightloss', 'sk1nnie', 'anarekcia', 'model thin', 'model thins', 'analog', 'ana rules', 'diet plan']",[]
"['anamia', 'hungry', 'thin', 'thinspo', 'ana', 'anna miia', 'anoerxia', 'dont eat', 'eating disoder things', 'mia', 'not pro just using tags', 'pro anna', 'skin and bones', 'skinny']",[]
"['anamia', 'weightloss', 'ed diet', 'restringing', 'ana blog', 'anor3x14']",[]
"['i want to be thinner', 'fuckkkk', 'anamia']",[]
"['anamia', 'eatting disorder', 'ed advice', 'ed relapse', 'tw ed rant', 'ed ment tw', 'ed mention', 'low cal restriction', 'pro 4na', 'tw ana diary']",[]
"['anamia', 'pro ana', 'thinspo', 'ana mia', 'proana', 'disordered eating thoughts', 'ed', 'ed things', 'i wanna be skinny', '4n0r3x14', '4na blog', '4na thoughts', '4namia', 'pro 4ana']",[]
"['art', 'anathings', 'anamia', 'ana', 'ed', 'notprojustusingtags', 'skinny', 'i want to be a skeleton', 'thinspo', 'anarecia', 'anathoughts', 'skinnytea', 'notprojustusehashtags', 'anamya', 'ana trigger', 'anarecyx']",[]
"['ana', 'anamia', 'anarexia', 'meanspo', 'thinspo', 'th1nspo', 'th1nsp0', 'tinspo', 'firblr', 'weightloss', 'ed', 'sweetspo', 'sw33tspo', 'sw33tsp0', 'm34nspo', 'm34nsp0', 'm3anspo']",[]
"['bullimix', 'i wanna be small', 'i want to be happy', 'anamia', 'ed fast', 'i will be skiny', 'skinnnny', 'not pr0 anything', 'adhd']",[]
"['anamia', 'ana rant', 'ed rant']",[]
"['ala diary moment', 'anarecyx', 'anarecja', ""it's not as simple as just eating"", 'anamia', 'i wanna be weightless', 'bulimima', 'bulimba']",[]
"['anamia', 'aneroxix', 'skinnnny', 'weightloss', 'sk1nnie', 'anarekcia', 'model thin', 'model thins', 'analog', 'ana rules', 'diet plan']",[]
"['anamia', 'hungry', 'thin', 'thinspo', 'ana', 'anna miia', 'anoerxia', 'dont eat', 'eating disoder things', 'mia', 'not pro just using tags', 'pro anna', 'skin and bones', 'skinny']",[]
"['anamia', 'weightloss', 'ed diet', 'restringing', 'ana blog', 'anor3x14']",[]
"['i want to be thinner', 'fuckkkk', 'anamia']",[]
"['anamia', 'eatting disorder', 'ed advice', 'ed relapse', 'tw ed rant', 'ed ment tw', 'ed mention', 'low cal restriction', 'pro 4na', 'tw ana diary']",[]
"['anamia', 'pro ana', 'thinspo', 'ana mia', 'proana', 'disordered eating thoughts', 'ed', 'ed things', 'i wanna be skinny', '4n0r3x14', '4na blog', '4na thoughts', '4namia', 'pro 4ana']",[]
"['art', 'anathings', 'anamia', 'ana', 'ed', 'notprojustusingtags', 'skinny', 'i want to be a skeleton', 'thinspo', 'anarecia', 'anathoughts', 'skinnytea', 'notprojustusehashtags', 'anamya', 'ana trigger', 'anarecyx']",[]
"['ana', 'anamia', 'anarexia', 'meanspo', 'thinspo', 'th1nspo', 'th1nsp0', 'tinspo', 'firblr', 'weightloss', 'ed', 'sweetspo', 'sw33tspo', 'sw33tsp0', 'm34nspo', 'm34nsp0', 'm3anspo']",[]
"['bullimix', 'i wanna be small', 'i want to be happy', 'anamia', 'ed fast', 'i will be skiny', 'skinnnny', 'not pr0 anything', 'adhd']",[]
"['anamia', 'ana rant', 'ed rant']",[]
"['ala diary moment', 'anarecyx', 'anarecja', ""it's not as simple as just eating"", 'anamia', 'i wanna be weightless', 'bulimima', 'bulimba']",[]
"['anamia', 'aneroxix', 'skinnnny', 'weightloss', 'sk1nnie', 'anarekcia', 'model thin', 'model thins', 'analog', 'ana rules', 'diet plan']",[]
"['anamia', 'hungry', 'thin', 'thinspo', 'ana', 'anna miia', 'anoerxia', 'dont eat', 'eating disoder things', 'mia', 'not pro just using tags', 'pro anna', 'skin and bones', 'skinny']",[]
"['anamia', 'weightloss', 'ed diet', 'restringing', 'ana blog', 'anor3x14']",[]
"['i want to be thinner', 'fuckkkk', 'anamia']",[]
"['anamia', 'eatting disorder', 'ed advice', 'ed relapse', 'tw ed rant', 'ed ment tw', 'ed mention', 'low cal restriction', 'pro 4na', 'tw ana diary']",[]
"['anamia', 'pro ana', 'thinspo', 'ana mia', 'proana', 'disordered eating thoughts', 'ed', 'ed things', 'i wanna be skinny', '4n0r3x14', '4na blog', '4na thoughts', '4namia', 'pro 4ana']",[]
"['art', 'anathings', 'anamia', 'ana', 'ed', 'notprojustusingtags', 'skinny', 'i want to be a skeleton', 'thinspo', 'anarecia', 'anathoughts', 'skinnytea', 'notprojustusehashtags', 'anamya', 'ana trigger', 'anarecyx']",[]
"['ana', 'anamia', 'anarexia', 'meanspo', 'thinspo', 'th1nspo', 'th1nsp0', 'tinspo', 'firblr', 'weightloss', 'ed', 'sweetspo', 'sw33tspo', 'sw33tsp0', 'm34nspo', 'm34nsp0', 'm3anspo']",[]
"['bullimix', 'i wanna be small', 'i want to be happy', 'anamia', 'ed fast', 'i will be skiny', 'skinnnny', 'not pr0 anything', 'adhd']",[]
"['anamia', 'ana rant', 'ed rant']",[]
"['ala diary moment', 'anarecyx', 'anarecja', ""it's not as simple as just eating"", 'anamia', 'i wanna be weightless', 'bulimima', 'bulimba']",[]
"['anamia', 'aneroxix', 'skinnnny', 'weightloss', 'sk1nnie', 'anarekcia', 'model thin', 'model thins', 'analog', 'ana rules', 'diet plan']",[]
"['anamia', 'hungry', 'thin', 'thinspo', 'ana', 'anna miia', 'anoerxia', 'dont eat', 'eating disoder things', 'mia', 'not pro just using tags', 'pro anna', 'skin and bones', 'skinny']",[]
"['anamia', 'weightloss', 'ed diet', 'restringing', 'ana blog', 'anor3x14']",[]
"['i want to be thinner', 'fuckkkk', 'anamia']",[]
"['anamia', 'eatting disorder', 'ed advice', 'ed relapse', 'tw ed rant', 'ed ment tw', 'ed mention', 'low cal restriction', 'pro 4na', 'tw ana diary']",[]
"['anamia', 'pro ana', 'thinspo', 'ana mia', 'proana', 'disordered eating thoughts', 'ed', 'ed things', 'i wanna be skinny', '4n0r3x14', '4na blog', '4na thoughts', '4namia', 'pro 4ana']",[]
"['art', 'anathings', 'anamia', 'ana', 'ed', 'notprojustusingtags', 'skinny', 'i want to be a skeleton', 'thinspo', 'anarecia', 'anathoughts', 'skinnytea', 'notprojustusehashtags', 'anamya', 'ana trigger', 'anarecyx']",[]
"['ana', 'anamia', 'anarexia', 'meanspo', 'thinspo', 'th1nspo', 'th1nsp0', 'tinspo', 'firblr', 'weightloss', 'ed', 'sweetspo', 'sw33tspo', 'sw33tsp0', 'm34nspo', 'm34nsp0', 'm3anspo']",[]
"['bullimix', 'i wanna be small', 'i want to be happy', 'anamia', 'ed fast', 'i will be skiny', 'skinnnny', 'not pr0 anything', 'adhd']",[]
"['anamia', 'ana rant', 'ed rant']",[]
"['ala diary moment', 'anarecyx', 'anarecja', ""it's not as simple as just eating"", 'anamia', 'i wanna be weightless', 'bulimima', 'bulimba']",[]
"['anamia', 'aneroxix', 'skinnnny', 'weightloss', 'sk1nnie', 'anarekcia', 'model thin', 'model thins', 'analog', 'ana rules', 'diet plan']",[]
"['anamia', 'hungry', 'thin', 'thinspo', 'ana', 'anna miia', 'anoerxia', 'dont eat', 'eating disoder things', 'mia', 'not pro just using tags', 'pro anna', 'skin and bones', 'skinny']",[]
"['anamia', 'weightloss', 'ed diet', 'restringing', 'ana blog', 'anor3x14']",[]
"['i want to be thinner', 'fuckkkk', 'anamia']",[]
"['anamia', 'eatting disorder', 'ed advice', 'ed relapse', 'tw ed rant', 'ed ment tw', 'ed mention', 'low cal restriction', 'pro 4na', 'tw ana diary']",[]
"['anamia', 'pro ana', 'thinspo', 'ana mia', 'proana', 'disordered eating thoughts', 'ed', 'ed things', 'i wanna be skinny', '4n0r3x14', '4na blog', '4na thoughts', '4namia', 'pro 4ana']",[]
"['art', 'anathings', 'anamia', 'ana', 'ed', 'notprojustusingtags', 'skinny', 'i want to be a skeleton', 'thinspo', 'anarecia', 'anathoughts', 'skinnytea', 'notprojustusehashtags', 'anamya', 'ana trigger', 'anarecyx']",[]
