"['anarexyc', 'pro ana', 'buliima', 'thinspo', 'ana', 'anorexa', 'buliimic', 'not pro just using tags', 'not pro only using tags', 'anarexic', 'anorexia', 'ed memes', 'mia', 'anarexya', 'anorecia', 'ed tw', 'not pro only for myself', 'thin', 'ed', 'thinspiration']",['hi!']
"['anarexyc', 'pro ana', 'buliima', 'thinspo', 'ana', 'anorexa', 'buliimic', 'not pro just using tags', 'not pro only using tags', 'anarexic', 'anorexia', 'ed memes', 'mia', 'anarexya', 'anorecia', 'ed tw', 'not pro only for myself', 'thin', 'ed', 'thinspiration']",['hi!']
"['anarexyc', 'pro ana', 'buliima', 'thinspo', 'ana', 'anorexa', 'buliimic', 'not pro just using tags', 'not pro only using tags', 'anarexic', 'anorexia', 'ed memes', 'mia', 'anarexya', 'anorecia', 'ed tw', 'not pro only for myself', 'thin', 'ed', 'thinspiration']",['hi!']
"['anarexyc', 'pro ana', 'buliima', 'thinspo', 'ana', 'anorexa', 'buliimic', 'not pro just using tags', 'not pro only using tags', 'anarexic', 'anorexia', 'ed memes', 'mia', 'anarexya', 'anorecia', 'ed tw', 'not pro only for myself', 'thin', 'ed', 'thinspiration']",['hi!']
"['anarexyc', 'pro ana', 'buliima', 'thinspo', 'ana', 'anorexa', 'buliimic', 'not pro just using tags', 'not pro only using tags', 'anarexic', 'anorexia', 'ed memes', 'mia', 'anarexya', 'anorecia', 'ed tw', 'not pro only for myself', 'thin', 'ed', 'thinspiration']",['hi!']
"['anarexyc', 'pro ana', 'buliima', 'thinspo', 'ana', 'anorexa', 'buliimic', 'not pro just using tags', 'not pro only using tags', 'anarexic', 'anorexia', 'ed memes', 'mia', 'anarexya', 'anorecia', 'ed tw', 'not pro only for myself', 'thin', 'ed', 'thinspiration']",['hi!']
"['anarexyc', 'pro ana', 'buliima', 'thinspo', 'ana', 'anorexa', 'buliimic', 'not pro just using tags', 'not pro only using tags', 'anarexic', 'anorexia', 'ed memes', 'mia', 'anarexya', 'anorecia', 'ed tw', 'not pro only for myself', 'thin', 'ed', 'thinspiration']",['hi!']
"['anarexyc', 'pro ana', 'buliima', 'thinspo', 'ana', 'anorexa', 'buliimic', 'not pro just using tags', 'not pro only using tags', 'anarexic', 'anorexia', 'ed memes', 'mia', 'anarexya', 'anorecia', 'ed tw', 'not pro only for myself', 'thin', 'ed', 'thinspiration']",['hi!']
"['anarexyc', 'pro ana', 'buliima', 'thinspo', 'ana', 'anorexa', 'buliimic', 'not pro just using tags', 'not pro only using tags', 'anarexic', 'anorexia', 'ed memes', 'mia', 'anarexya', 'anorecia', 'ed tw', 'not pro only for myself', 'thin', 'ed', 'thinspiration']",['hi!']
"['anarexyc', 'pro ana', 'buliima', 'thinspo', 'ana', 'anorexa', 'buliimic', 'not pro just using tags', 'not pro only using tags', 'anarexic', 'anorexia', 'ed memes', 'mia', 'anarexya', 'anorecia', 'ed tw', 'not pro only for myself', 'thin', 'ed', 'thinspiration']",['hi!']
"['anarexyc', 'pro ana', 'buliima', 'thinspo', 'ana', 'anorexa', 'buliimic', 'not pro just using tags', 'not pro only using tags', 'anarexic', 'anorexia', 'ed memes', 'mia', 'anarexya', 'anorecia', 'ed tw', 'not pro only for myself', 'thin', 'ed', 'thinspiration']",['hi!']
"['anarexyc', 'pro ana', 'buliima', 'thinspo', 'ana', 'anorexa', 'buliimic', 'not pro just using tags', 'not pro only using tags', 'anarexic', 'anorexia', 'ed memes', 'mia', 'anarexya', 'anorecia', 'ed tw', 'not pro only for myself', 'thin', 'ed', 'thinspiration']",['hi!']
"['anarexyc', 'pro ana', 'buliima', 'thinspo', 'ana', 'anorexa', 'buliimic', 'not pro just using tags', 'not pro only using tags', 'anarexic', 'anorexia', 'ed memes', 'mia', 'anarexya', 'anorecia', 'ed tw', 'not pro only for myself', 'thin', 'ed', 'thinspiration']",['hi!']
"['anarexyc', 'pro ana', 'buliima', 'thinspo', 'ana', 'anorexa', 'buliimic', 'not pro just using tags', 'not pro only using tags', 'anarexic', 'anorexia', 'ed memes', 'mia', 'anarexya', 'anorecia', 'ed tw', 'not pro only for myself', 'thin', 'ed', 'thinspiration']",['hi!']
"['anarexyc', 'pro ana', 'buliima', 'thinspo', 'ana', 'anorexa', 'buliimic', 'not pro just using tags', 'not pro only using tags', 'anarexic', 'anorexia', 'ed memes', 'mia', 'anarexya', 'anorecia', 'ed tw', 'not pro only for myself', 'thin', 'ed', 'thinspiration']",['hi!']
"['anarexyc', 'pro ana', 'buliima', 'thinspo', 'ana', 'anorexa', 'buliimic', 'not pro just using tags', 'not pro only using tags', 'anarexic', 'anorexia', 'ed memes', 'mia', 'anarexya', 'anorecia', 'ed tw', 'not pro only for myself', 'thin', 'ed', 'thinspiration']",['hi!']
"['anarexyc', 'pro ana', 'buliima', 'thinspo', 'ana', 'anorexa', 'buliimic', 'not pro just using tags', 'not pro only using tags', 'anarexic', 'anorexia', 'ed memes', 'mia', 'anarexya', 'anorecia', 'ed tw', 'not pro only for myself', 'thin', 'ed', 'thinspiration']",['hi!']
"['anarexyc', 'pro ana', 'buliima', 'thinspo', 'ana', 'anorexa', 'buliimic', 'not pro just using tags', 'not pro only using tags', 'anarexic', 'anorexia', 'ed memes', 'mia', 'anarexya', 'anorecia', 'ed tw', 'not pro only for myself', 'thin', 'ed', 'thinspiration']",['hi!']
"['anarexyc', 'pro ana', 'buliima', 'thinspo', 'ana', 'anorexa', 'buliimic', 'not pro just using tags', 'not pro only using tags', 'anarexic', 'anorexia', 'ed memes', 'mia', 'anarexya', 'anorecia', 'ed tw', 'not pro only for myself', 'thin', 'ed', 'thinspiration']",['hi!']
