"['june 2022', 'firblr']",[]
"['Running', 'Girl', 'Fitspo', 'Firblr', 'Workout', 'Fit', 'Trim']",[]
"['june 2022', 'firblr']",[]
"['Running', 'Girl', 'Fitspo', 'Firblr', 'Workout', 'Fit', 'Trim']",[]
"['june 2022', 'firblr']",[]
"['Running', 'Girl', 'Fitspo', 'Firblr', 'Workout', 'Fit', 'Trim']",[]
"['june 2022', 'firblr']",[]
"['Running', 'Girl', 'Fitspo', 'Firblr', 'Workout', 'Fit', 'Trim']",[]
"['june 2022', 'firblr']",[]
"['Running', 'Girl', 'Fitspo', 'Firblr', 'Workout', 'Fit', 'Trim']",[]
