"['thinspiration', 'thinspo', 'kpop thinspo', 'miyeon g-idle']",[]
"['thinspiration', 'thinspo', 'kpop thinspo', 'yiren everglow']",[]
"['thinspiration', 'thinspo', 'kpop thinspo', 'yeji itzy']",[]
['kpop thinspo'],[]
"['thinspiration', 'thinspo', 'kpop thinspo', 'hani exid']",[]
"['thinspiration', 'thinspo', 'kpop thinspo', 'yiren everglow']",[]
"['thinspiration', 'thinspo', 'kpop thinspo', 'yeji itzy']",[]
"['kpop thinspo', 'proana', 'ed', 'starving', 'ana', 'promia', 'mia', 'thinspo', 'eating disorder', 'kpop ana']",[]
"['thinspiration', 'thinspo', 'jieun purple kiss', 'kpop thinspo']",[]
"['thinspiration', 'thinspo', 'yiren everglow', 'e:u everglow', 'kpop thinspo']",[]
"['thinspo', 'kpop thinspo', 'thinspi', 'thinspii', 'ed but not sheeran']",[]
"['somi', 'body goals', 'somi body', 'kpop thinspo', 'back thinspo', 'arm thinspo', 'kpop body goals']",[]
"['blackpink', 'blackpink lisa', 'kpop', 'kpop thinspo']",[]
"['thinspo', 'kpop thinspo', 'kpop girl thinspo']",[]
"['dreamcatcher', 'dreamcatcher yoohyeon', 'kpop', 'kpop thinspo']",[]
"['thinspo', 'not pro an4', 'weight loss', 'kpop', 'kpop thinspo', 'ed fast']",[]
"['kpop thinspo', 'thinspo', 'thinspii']",[]
"['somi', 'thinspo', 'body goals', 'kpop thinspo', 'abs thinspo', 'stomach thinspo', 'somi body']",[]
"['somi', 'somi body', 'thinspo', 'kpop thinspo', 'body goals', 'skinny', 'leg thinspo', 'tall thinspo', 'body inspo']",[]
"['irene', 'red velvet', 'kpop thinspo', 'red velvet thinspo']",[]
"['irene', 'red velvet', 'kpop thinspo', 'red velvet thinspo']",[]
"['joy thinspo', 'kpop thinspo', 'red velvet thinspo', 'thin', 'thinspii', 'thinsppi', 'lose weight', 'legspp0', 'legsp0', 'flat tummy', 'skinny', 'anamia']",[]
"['thinspo', 'kpop thinspo', 'Red Velvet thinspo', 'Seulgi thinspo', 'bad boy thinspo']",[]
"['thinspo', 'kpop thinspo', 'Red Velvet thinspo', 'Seulgi thinspo', 'bad boy thinspo']",[]
"['thinspo', 'kpop thinspo', 'Red Velvet thinspo', 'Seulgi thinspo', 'bad boy thinspo']",[]
"['thinspo', 'kpop thinspo', 'Red Velvet thinspo', 'Seulgi thinspo', 'bad boy thinspo']",[]
"['thinspo', 'kpop thinspo', 'Red Velvet thinspo', 'Seulgi thinspo', 'bad boy thinspo']",[]
"['thinspo', 'kpop thinspo', 'Red Velvet thinspo', 'Seulgi thinspo', 'bad boy thinspo']",[]
"['thinspo', 'kpop thinspo', 'Red Velvet thinspo', 'Seulgi thinspo', 'bad boy thinspo']",[]
"['thinspo', 'kpop thinspo', 'Red Velvet thinspo', 'Seulgi thinspo', 'bad boy thinspo']",[]
"['thinspo', 'kpop thinspo', 'Red Velvet thinspo', 'Seulgi thinspo', 'bad boy thinspo']",[]
"['thinspo', 'kpop thinspo', 'Red Velvet thinspo', 'Seulgi thinspo', 'bad boy thinspo']",[]
"['thinspo', 'kpop thinspo', 'Red Velvet thinspo', 'Seulgi thinspo', 'bad boy thinspo']",[]
"['thinspo', 'kpop thinspo', 'Red Velvet thinspo', 'Seulgi thinspo', 'bad boy thinspo']",[]
"['thinspo', 'kpop thinspo', 'Red Velvet thinspo', 'Seulgi thinspo', 'bad boy thinspo']",[]
"['thinspo', 'kpop thinspo', 'Red Velvet thinspo', 'Seulgi thinspo', 'bad boy thinspo']",[]
"['thinspo', 'kpop thinspo', 'Red Velvet thinspo', 'Seulgi thinspo', 'bad boy thinspo']",[]
"['thinspo', 'kpop thinspo', 'Red Velvet thinspo', 'Seulgi thinspo', 'bad boy thinspo']",[]
"['thinspo', 'kpop thinspo', 'Red Velvet thinspo', 'Seulgi thinspo', 'bad boy thinspo']",[]
"['thinspo', 'kpop thinspo', 'Red Velvet thinspo', 'Seulgi thinspo', 'bad boy thinspo']",[]
"['thinspo', 'kpop thinspo', 'Red Velvet thinspo', 'Seulgi thinspo', 'bad boy thinspo']",[]
"['thinspo', 'kpop thinspo', 'Red Velvet thinspo', 'Seulgi thinspo', 'bad boy thinspo']",[]
"['thinspo', 'kpop thinspo', 'Red Velvet thinspo', 'Seulgi thinspo', 'bad boy thinspo']",[]
"['thinspo', 'kpop thinspo', 'Red Velvet thinspo', 'Seulgi thinspo', 'bad boy thinspo']",[]
"['thinspo', 'kpop thinspo', 'Red Velvet thinspo', 'Seulgi thinspo', 'bad boy thinspo']",[]
"['thinspiration', 'thinspo', 'kpop thinspo', 'miyeon g-idle']",[]
"['thinspiration', 'thinspo', 'kpop thinspo', 'yiren everglow']",[]
"['thinspiration', 'thinspo', 'kpop thinspo', 'yeji itzy']",[]
['kpop thinspo'],[]
"['thinspiration', 'thinspo', 'kpop thinspo', 'hani exid']",[]
"['thinspiration', 'thinspo', 'kpop thinspo', 'yiren everglow']",[]
"['thinspiration', 'thinspo', 'kpop thinspo', 'yeji itzy']",[]
"['kpop thinspo', 'proana', 'ed', 'starving', 'ana', 'promia', 'mia', 'thinspo', 'eating disorder', 'kpop ana']",[]
"['thinspiration', 'thinspo', 'jieun purple kiss', 'kpop thinspo']",[]
"['thinspiration', 'thinspo', 'yiren everglow', 'e:u everglow', 'kpop thinspo']",[]
"['thinspo', 'kpop thinspo', 'thinspi', 'thinspii', 'ed but not sheeran']",[]
"['somi', 'body goals', 'somi body', 'kpop thinspo', 'back thinspo', 'arm thinspo', 'kpop body goals']",[]
"['blackpink', 'blackpink lisa', 'kpop', 'kpop thinspo']",[]
"['thinspo', 'kpop thinspo', 'kpop girl thinspo']",[]
"['dreamcatcher', 'dreamcatcher yoohyeon', 'kpop', 'kpop thinspo']",[]
"['thinspo', 'not pro an4', 'weight loss', 'kpop', 'kpop thinspo', 'ed fast']",[]
"['kpop thinspo', 'thinspo', 'thinspii']",[]
"['somi', 'thinspo', 'body goals', 'kpop thinspo', 'abs thinspo', 'stomach thinspo', 'somi body']",[]
"['somi', 'somi body', 'thinspo', 'kpop thinspo', 'body goals', 'skinny', 'leg thinspo', 'tall thinspo', 'body inspo']",[]
"['irene', 'red velvet', 'kpop thinspo', 'red velvet thinspo']",[]
"['irene', 'red velvet', 'kpop thinspo', 'red velvet thinspo']",[]
"['joy thinspo', 'kpop thinspo', 'red velvet thinspo', 'thin', 'thinspii', 'thinsppi', 'lose weight', 'legspp0', 'legsp0', 'flat tummy', 'skinny', 'anamia']",[]
"['thinspo', 'kpop thinspo', 'Red Velvet thinspo', 'Seulgi thinspo', 'bad boy thinspo']",[]
"['thinspo', 'kpop thinspo', 'Red Velvet thinspo', 'Seulgi thinspo', 'bad boy thinspo']",[]
"['thinspo', 'kpop thinspo', 'Red Velvet thinspo', 'Seulgi thinspo', 'bad boy thinspo']",[]
"['thinspo', 'kpop thinspo', 'Red Velvet thinspo', 'Seulgi thinspo', 'bad boy thinspo']",[]
"['thinspo', 'kpop thinspo', 'Red Velvet thinspo', 'Seulgi thinspo', 'bad boy thinspo']",[]
"['thinspo', 'kpop thinspo', 'Red Velvet thinspo', 'Seulgi thinspo', 'bad boy thinspo']",[]
"['thinspo', 'kpop thinspo', 'Red Velvet thinspo', 'Seulgi thinspo', 'bad boy thinspo']",[]
"['thinspo', 'kpop thinspo', 'Red Velvet thinspo', 'Seulgi thinspo', 'bad boy thinspo']",[]
"['thinspo', 'kpop thinspo', 'Red Velvet thinspo', 'Seulgi thinspo', 'bad boy thinspo']",[]
"['thinspo', 'kpop thinspo', 'Red Velvet thinspo', 'Seulgi thinspo', 'bad boy thinspo']",[]
"['thinspo', 'kpop thinspo', 'Red Velvet thinspo', 'Seulgi thinspo', 'bad boy thinspo']",[]
"['thinspo', 'kpop thinspo', 'Red Velvet thinspo', 'Seulgi thinspo', 'bad boy thinspo']",[]
"['thinspo', 'kpop thinspo', 'Red Velvet thinspo', 'Seulgi thinspo', 'bad boy thinspo']",[]
"['thinspo', 'kpop thinspo', 'Red Velvet thinspo', 'Seulgi thinspo', 'bad boy thinspo']",[]
"['thinspo', 'kpop thinspo', 'Red Velvet thinspo', 'Seulgi thinspo', 'bad boy thinspo']",[]
"['thinspo', 'kpop thinspo', 'Red Velvet thinspo', 'Seulgi thinspo', 'bad boy thinspo']",[]
"['thinspo', 'kpop thinspo', 'Red Velvet thinspo', 'Seulgi thinspo', 'bad boy thinspo']",[]
"['thinspo', 'kpop thinspo', 'Red Velvet thinspo', 'Seulgi thinspo', 'bad boy thinspo']",[]
"['thinspo', 'kpop thinspo', 'Red Velvet thinspo', 'Seulgi thinspo', 'bad boy thinspo']",[]
"['thinspo', 'kpop thinspo', 'Red Velvet thinspo', 'Seulgi thinspo', 'bad boy thinspo']",[]
"['thinspo', 'kpop thinspo', 'Red Velvet thinspo', 'Seulgi thinspo', 'bad boy thinspo']",[]
"['thinspo', 'kpop thinspo', 'Red Velvet thinspo', 'Seulgi thinspo', 'bad boy thinspo']",[]
"['thinspo', 'kpop thinspo', 'Red Velvet thinspo', 'Seulgi thinspo', 'bad boy thinspo']",[]
"['thinspiration', 'thinspo', 'kpop thinspo', 'miyeon g-idle']",[]
"['thinspiration', 'thinspo', 'kpop thinspo', 'yiren everglow']",[]
"['thinspiration', 'thinspo', 'kpop thinspo', 'yeji itzy']",[]
['kpop thinspo'],[]
"['thinspiration', 'thinspo', 'kpop thinspo', 'hani exid']",[]
"['thinspiration', 'thinspo', 'kpop thinspo', 'yiren everglow']",[]
"['thinspiration', 'thinspo', 'kpop thinspo', 'yeji itzy']",[]
"['kpop thinspo', 'proana', 'ed', 'starving', 'ana', 'promia', 'mia', 'thinspo', 'eating disorder', 'kpop ana']",[]
"['thinspiration', 'thinspo', 'jieun purple kiss', 'kpop thinspo']",[]
"['thinspiration', 'thinspo', 'yiren everglow', 'e:u everglow', 'kpop thinspo']",[]
"['thinspo', 'kpop thinspo', 'thinspi', 'thinspii', 'ed but not sheeran']",[]
"['somi', 'body goals', 'somi body', 'kpop thinspo', 'back thinspo', 'arm thinspo', 'kpop body goals']",[]
"['blackpink', 'blackpink lisa', 'kpop', 'kpop thinspo']",[]
"['thinspo', 'kpop thinspo', 'kpop girl thinspo']",[]
"['dreamcatcher', 'dreamcatcher yoohyeon', 'kpop', 'kpop thinspo']",[]
"['thinspo', 'not pro an4', 'weight loss', 'kpop', 'kpop thinspo', 'ed fast']",[]
"['kpop thinspo', 'thinspo', 'thinspii']",[]
"['somi', 'thinspo', 'body goals', 'kpop thinspo', 'abs thinspo', 'stomach thinspo', 'somi body']",[]
"['somi', 'somi body', 'thinspo', 'kpop thinspo', 'body goals', 'skinny', 'leg thinspo', 'tall thinspo', 'body inspo']",[]
"['irene', 'red velvet', 'kpop thinspo', 'red velvet thinspo']",[]
"['irene', 'red velvet', 'kpop thinspo', 'red velvet thinspo']",[]
"['joy thinspo', 'kpop thinspo', 'red velvet thinspo', 'thin', 'thinspii', 'thinsppi', 'lose weight', 'legspp0', 'legsp0', 'flat tummy', 'skinny', 'anamia']",[]
"['thinspo', 'kpop thinspo', 'Red Velvet thinspo', 'Seulgi thinspo', 'bad boy thinspo']",[]
"['thinspo', 'kpop thinspo', 'Red Velvet thinspo', 'Seulgi thinspo', 'bad boy thinspo']",[]
"['thinspo', 'kpop thinspo', 'Red Velvet thinspo', 'Seulgi thinspo', 'bad boy thinspo']",[]
"['thinspo', 'kpop thinspo', 'Red Velvet thinspo', 'Seulgi thinspo', 'bad boy thinspo']",[]
"['thinspo', 'kpop thinspo', 'Red Velvet thinspo', 'Seulgi thinspo', 'bad boy thinspo']",[]
"['thinspo', 'kpop thinspo', 'Red Velvet thinspo', 'Seulgi thinspo', 'bad boy thinspo']",[]
"['thinspo', 'kpop thinspo', 'Red Velvet thinspo', 'Seulgi thinspo', 'bad boy thinspo']",[]
"['thinspo', 'kpop thinspo', 'Red Velvet thinspo', 'Seulgi thinspo', 'bad boy thinspo']",[]
"['thinspo', 'kpop thinspo', 'Red Velvet thinspo', 'Seulgi thinspo', 'bad boy thinspo']",[]
"['thinspo', 'kpop thinspo', 'Red Velvet thinspo', 'Seulgi thinspo', 'bad boy thinspo']",[]
"['thinspo', 'kpop thinspo', 'Red Velvet thinspo', 'Seulgi thinspo', 'bad boy thinspo']",[]
"['thinspo', 'kpop thinspo', 'Red Velvet thinspo', 'Seulgi thinspo', 'bad boy thinspo']",[]
"['thinspo', 'kpop thinspo', 'Red Velvet thinspo', 'Seulgi thinspo', 'bad boy thinspo']",[]
"['thinspo', 'kpop thinspo', 'Red Velvet thinspo', 'Seulgi thinspo', 'bad boy thinspo']",[]
"['thinspo', 'kpop thinspo', 'Red Velvet thinspo', 'Seulgi thinspo', 'bad boy thinspo']",[]
"['thinspo', 'kpop thinspo', 'Red Velvet thinspo', 'Seulgi thinspo', 'bad boy thinspo']",[]
"['thinspo', 'kpop thinspo', 'Red Velvet thinspo', 'Seulgi thinspo', 'bad boy thinspo']",[]
"['thinspo', 'kpop thinspo', 'Red Velvet thinspo', 'Seulgi thinspo', 'bad boy thinspo']",[]
"['thinspo', 'kpop thinspo', 'Red Velvet thinspo', 'Seulgi thinspo', 'bad boy thinspo']",[]
"['thinspo', 'kpop thinspo', 'Red Velvet thinspo', 'Seulgi thinspo', 'bad boy thinspo']",[]
"['thinspo', 'kpop thinspo', 'Red Velvet thinspo', 'Seulgi thinspo', 'bad boy thinspo']",[]
"['thinspo', 'kpop thinspo', 'Red Velvet thinspo', 'Seulgi thinspo', 'bad boy thinspo']",[]
"['thinspo', 'kpop thinspo', 'Red Velvet thinspo', 'Seulgi thinspo', 'bad boy thinspo']",[]
"['thinspiration', 'thinspo', 'kpop thinspo', 'miyeon g-idle']",[]
"['thinspiration', 'thinspo', 'kpop thinspo', 'yiren everglow']",[]
"['thinspiration', 'thinspo', 'kpop thinspo', 'yeji itzy']",[]
['kpop thinspo'],[]
"['thinspiration', 'thinspo', 'kpop thinspo', 'hani exid']",[]
"['thinspiration', 'thinspo', 'kpop thinspo', 'yiren everglow']",[]
"['thinspiration', 'thinspo', 'kpop thinspo', 'yeji itzy']",[]
"['kpop thinspo', 'proana', 'ed', 'starving', 'ana', 'promia', 'mia', 'thinspo', 'eating disorder', 'kpop ana']",[]
"['thinspiration', 'thinspo', 'jieun purple kiss', 'kpop thinspo']",[]
"['thinspiration', 'thinspo', 'yiren everglow', 'e:u everglow', 'kpop thinspo']",[]
"['thinspo', 'kpop thinspo', 'thinspi', 'thinspii', 'ed but not sheeran']",[]
"['somi', 'body goals', 'somi body', 'kpop thinspo', 'back thinspo', 'arm thinspo', 'kpop body goals']",[]
"['blackpink', 'blackpink lisa', 'kpop', 'kpop thinspo']",[]
"['thinspo', 'kpop thinspo', 'kpop girl thinspo']",[]
"['dreamcatcher', 'dreamcatcher yoohyeon', 'kpop', 'kpop thinspo']",[]
"['thinspo', 'not pro an4', 'weight loss', 'kpop', 'kpop thinspo', 'ed fast']",[]
"['kpop thinspo', 'thinspo', 'thinspii']",[]
"['somi', 'thinspo', 'body goals', 'kpop thinspo', 'abs thinspo', 'stomach thinspo', 'somi body']",[]
"['somi', 'somi body', 'thinspo', 'kpop thinspo', 'body goals', 'skinny', 'leg thinspo', 'tall thinspo', 'body inspo']",[]
"['irene', 'red velvet', 'kpop thinspo', 'red velvet thinspo']",[]
"['irene', 'red velvet', 'kpop thinspo', 'red velvet thinspo']",[]
"['joy thinspo', 'kpop thinspo', 'red velvet thinspo', 'thin', 'thinspii', 'thinsppi', 'lose weight', 'legspp0', 'legsp0', 'flat tummy', 'skinny', 'anamia']",[]
"['thinspo', 'kpop thinspo', 'Red Velvet thinspo', 'Seulgi thinspo', 'bad boy thinspo']",[]
"['thinspo', 'kpop thinspo', 'Red Velvet thinspo', 'Seulgi thinspo', 'bad boy thinspo']",[]
"['thinspo', 'kpop thinspo', 'Red Velvet thinspo', 'Seulgi thinspo', 'bad boy thinspo']",[]
"['thinspo', 'kpop thinspo', 'Red Velvet thinspo', 'Seulgi thinspo', 'bad boy thinspo']",[]
"['thinspo', 'kpop thinspo', 'Red Velvet thinspo', 'Seulgi thinspo', 'bad boy thinspo']",[]
"['thinspo', 'kpop thinspo', 'Red Velvet thinspo', 'Seulgi thinspo', 'bad boy thinspo']",[]
"['thinspo', 'kpop thinspo', 'Red Velvet thinspo', 'Seulgi thinspo', 'bad boy thinspo']",[]
"['thinspo', 'kpop thinspo', 'Red Velvet thinspo', 'Seulgi thinspo', 'bad boy thinspo']",[]
"['thinspo', 'kpop thinspo', 'Red Velvet thinspo', 'Seulgi thinspo', 'bad boy thinspo']",[]
"['thinspo', 'kpop thinspo', 'Red Velvet thinspo', 'Seulgi thinspo', 'bad boy thinspo']",[]
"['thinspo', 'kpop thinspo', 'Red Velvet thinspo', 'Seulgi thinspo', 'bad boy thinspo']",[]
"['thinspo', 'kpop thinspo', 'Red Velvet thinspo', 'Seulgi thinspo', 'bad boy thinspo']",[]
"['thinspo', 'kpop thinspo', 'Red Velvet thinspo', 'Seulgi thinspo', 'bad boy thinspo']",[]
"['thinspo', 'kpop thinspo', 'Red Velvet thinspo', 'Seulgi thinspo', 'bad boy thinspo']",[]
"['thinspo', 'kpop thinspo', 'Red Velvet thinspo', 'Seulgi thinspo', 'bad boy thinspo']",[]
"['thinspo', 'kpop thinspo', 'Red Velvet thinspo', 'Seulgi thinspo', 'bad boy thinspo']",[]
"['thinspo', 'kpop thinspo', 'Red Velvet thinspo', 'Seulgi thinspo', 'bad boy thinspo']",[]
"['thinspo', 'kpop thinspo', 'Red Velvet thinspo', 'Seulgi thinspo', 'bad boy thinspo']",[]
"['thinspo', 'kpop thinspo', 'Red Velvet thinspo', 'Seulgi thinspo', 'bad boy thinspo']",[]
"['thinspo', 'kpop thinspo', 'Red Velvet thinspo', 'Seulgi thinspo', 'bad boy thinspo']",[]
"['thinspo', 'kpop thinspo', 'Red Velvet thinspo', 'Seulgi thinspo', 'bad boy thinspo']",[]
"['thinspo', 'kpop thinspo', 'Red Velvet thinspo', 'Seulgi thinspo', 'bad boy thinspo']",[]
"['thinspo', 'kpop thinspo', 'Red Velvet thinspo', 'Seulgi thinspo', 'bad boy thinspo']",[]
"['thinspiration', 'thinspo', 'kpop thinspo', 'miyeon g-idle']",[]
"['thinspiration', 'thinspo', 'kpop thinspo', 'yiren everglow']",[]
"['thinspiration', 'thinspo', 'kpop thinspo', 'yeji itzy']",[]
['kpop thinspo'],[]
"['thinspiration', 'thinspo', 'kpop thinspo', 'hani exid']",[]
"['thinspiration', 'thinspo', 'kpop thinspo', 'yiren everglow']",[]
"['thinspiration', 'thinspo', 'kpop thinspo', 'yeji itzy']",[]
"['kpop thinspo', 'proana', 'ed', 'starving', 'ana', 'promia', 'mia', 'thinspo', 'eating disorder', 'kpop ana']",[]
"['thinspiration', 'thinspo', 'jieun purple kiss', 'kpop thinspo']",[]
"['thinspiration', 'thinspo', 'yiren everglow', 'e:u everglow', 'kpop thinspo']",[]
"['thinspo', 'kpop thinspo', 'thinspi', 'thinspii', 'ed but not sheeran']",[]
"['somi', 'body goals', 'somi body', 'kpop thinspo', 'back thinspo', 'arm thinspo', 'kpop body goals']",[]
"['blackpink', 'blackpink lisa', 'kpop', 'kpop thinspo']",[]
"['thinspo', 'kpop thinspo', 'kpop girl thinspo']",[]
"['dreamcatcher', 'dreamcatcher yoohyeon', 'kpop', 'kpop thinspo']",[]
"['thinspo', 'not pro an4', 'weight loss', 'kpop', 'kpop thinspo', 'ed fast']",[]
"['kpop thinspo', 'thinspo', 'thinspii']",[]
"['somi', 'thinspo', 'body goals', 'kpop thinspo', 'abs thinspo', 'stomach thinspo', 'somi body']",[]
"['somi', 'somi body', 'thinspo', 'kpop thinspo', 'body goals', 'skinny', 'leg thinspo', 'tall thinspo', 'body inspo']",[]
"['irene', 'red velvet', 'kpop thinspo', 'red velvet thinspo']",[]
"['irene', 'red velvet', 'kpop thinspo', 'red velvet thinspo']",[]
"['joy thinspo', 'kpop thinspo', 'red velvet thinspo', 'thin', 'thinspii', 'thinsppi', 'lose weight', 'legspp0', 'legsp0', 'flat tummy', 'skinny', 'anamia']",[]
"['thinspo', 'kpop thinspo', 'Red Velvet thinspo', 'Seulgi thinspo', 'bad boy thinspo']",[]
"['thinspo', 'kpop thinspo', 'Red Velvet thinspo', 'Seulgi thinspo', 'bad boy thinspo']",[]
"['thinspo', 'kpop thinspo', 'Red Velvet thinspo', 'Seulgi thinspo', 'bad boy thinspo']",[]
"['thinspo', 'kpop thinspo', 'Red Velvet thinspo', 'Seulgi thinspo', 'bad boy thinspo']",[]
"['thinspo', 'kpop thinspo', 'Red Velvet thinspo', 'Seulgi thinspo', 'bad boy thinspo']",[]
"['thinspo', 'kpop thinspo', 'Red Velvet thinspo', 'Seulgi thinspo', 'bad boy thinspo']",[]
"['thinspo', 'kpop thinspo', 'Red Velvet thinspo', 'Seulgi thinspo', 'bad boy thinspo']",[]
"['thinspo', 'kpop thinspo', 'Red Velvet thinspo', 'Seulgi thinspo', 'bad boy thinspo']",[]
"['thinspo', 'kpop thinspo', 'Red Velvet thinspo', 'Seulgi thinspo', 'bad boy thinspo']",[]
"['thinspo', 'kpop thinspo', 'Red Velvet thinspo', 'Seulgi thinspo', 'bad boy thinspo']",[]
"['thinspo', 'kpop thinspo', 'Red Velvet thinspo', 'Seulgi thinspo', 'bad boy thinspo']",[]
"['thinspo', 'kpop thinspo', 'Red Velvet thinspo', 'Seulgi thinspo', 'bad boy thinspo']",[]
"['thinspo', 'kpop thinspo', 'Red Velvet thinspo', 'Seulgi thinspo', 'bad boy thinspo']",[]
"['thinspo', 'kpop thinspo', 'Red Velvet thinspo', 'Seulgi thinspo', 'bad boy thinspo']",[]
"['thinspo', 'kpop thinspo', 'Red Velvet thinspo', 'Seulgi thinspo', 'bad boy thinspo']",[]
"['thinspo', 'kpop thinspo', 'Red Velvet thinspo', 'Seulgi thinspo', 'bad boy thinspo']",[]
"['thinspo', 'kpop thinspo', 'Red Velvet thinspo', 'Seulgi thinspo', 'bad boy thinspo']",[]
"['thinspo', 'kpop thinspo', 'Red Velvet thinspo', 'Seulgi thinspo', 'bad boy thinspo']",[]
"['thinspo', 'kpop thinspo', 'Red Velvet thinspo', 'Seulgi thinspo', 'bad boy thinspo']",[]
"['thinspo', 'kpop thinspo', 'Red Velvet thinspo', 'Seulgi thinspo', 'bad boy thinspo']",[]
"['thinspo', 'kpop thinspo', 'Red Velvet thinspo', 'Seulgi thinspo', 'bad boy thinspo']",[]
"['thinspo', 'kpop thinspo', 'Red Velvet thinspo', 'Seulgi thinspo', 'bad boy thinspo']",[]
"['thinspo', 'kpop thinspo', 'Red Velvet thinspo', 'Seulgi thinspo', 'bad boy thinspo']",[]
"['thinspiration', 'thinspo', 'kpop thinspo', 'miyeon g-idle']",[]
"['thinspiration', 'thinspo', 'kpop thinspo', 'yiren everglow']",[]
"['thinspiration', 'thinspo', 'kpop thinspo', 'yeji itzy']",[]
['kpop thinspo'],[]
"['thinspiration', 'thinspo', 'kpop thinspo', 'hani exid']",[]
"['thinspiration', 'thinspo', 'kpop thinspo', 'yiren everglow']",[]
"['thinspiration', 'thinspo', 'kpop thinspo', 'yeji itzy']",[]
"['kpop thinspo', 'proana', 'ed', 'starving', 'ana', 'promia', 'mia', 'thinspo', 'eating disorder', 'kpop ana']",[]
"['thinspiration', 'thinspo', 'jieun purple kiss', 'kpop thinspo']",[]
"['thinspiration', 'thinspo', 'yiren everglow', 'e:u everglow', 'kpop thinspo']",[]
"['thinspo', 'kpop thinspo', 'thinspi', 'thinspii', 'ed but not sheeran']",[]
"['somi', 'body goals', 'somi body', 'kpop thinspo', 'back thinspo', 'arm thinspo', 'kpop body goals']",[]
"['blackpink', 'blackpink lisa', 'kpop', 'kpop thinspo']",[]
"['thinspo', 'kpop thinspo', 'kpop girl thinspo']",[]
"['dreamcatcher', 'dreamcatcher yoohyeon', 'kpop', 'kpop thinspo']",[]
"['thinspo', 'not pro an4', 'weight loss', 'kpop', 'kpop thinspo', 'ed fast']",[]
"['kpop thinspo', 'thinspo', 'thinspii']",[]
"['somi', 'thinspo', 'body goals', 'kpop thinspo', 'abs thinspo', 'stomach thinspo', 'somi body']",[]
"['somi', 'somi body', 'thinspo', 'kpop thinspo', 'body goals', 'skinny', 'leg thinspo', 'tall thinspo', 'body inspo']",[]
"['irene', 'red velvet', 'kpop thinspo', 'red velvet thinspo']",[]
"['irene', 'red velvet', 'kpop thinspo', 'red velvet thinspo']",[]
"['joy thinspo', 'kpop thinspo', 'red velvet thinspo', 'thin', 'thinspii', 'thinsppi', 'lose weight', 'legspp0', 'legsp0', 'flat tummy', 'skinny', 'anamia']",[]
"['thinspo', 'kpop thinspo', 'Red Velvet thinspo', 'Seulgi thinspo', 'bad boy thinspo']",[]
"['thinspo', 'kpop thinspo', 'Red Velvet thinspo', 'Seulgi thinspo', 'bad boy thinspo']",[]
"['thinspo', 'kpop thinspo', 'Red Velvet thinspo', 'Seulgi thinspo', 'bad boy thinspo']",[]
"['thinspo', 'kpop thinspo', 'Red Velvet thinspo', 'Seulgi thinspo', 'bad boy thinspo']",[]
"['thinspo', 'kpop thinspo', 'Red Velvet thinspo', 'Seulgi thinspo', 'bad boy thinspo']",[]
"['thinspo', 'kpop thinspo', 'Red Velvet thinspo', 'Seulgi thinspo', 'bad boy thinspo']",[]
"['thinspo', 'kpop thinspo', 'Red Velvet thinspo', 'Seulgi thinspo', 'bad boy thinspo']",[]
"['thinspo', 'kpop thinspo', 'Red Velvet thinspo', 'Seulgi thinspo', 'bad boy thinspo']",[]
"['thinspo', 'kpop thinspo', 'Red Velvet thinspo', 'Seulgi thinspo', 'bad boy thinspo']",[]
"['thinspo', 'kpop thinspo', 'Red Velvet thinspo', 'Seulgi thinspo', 'bad boy thinspo']",[]
"['thinspo', 'kpop thinspo', 'Red Velvet thinspo', 'Seulgi thinspo', 'bad boy thinspo']",[]
"['thinspo', 'kpop thinspo', 'Red Velvet thinspo', 'Seulgi thinspo', 'bad boy thinspo']",[]
"['thinspo', 'kpop thinspo', 'Red Velvet thinspo', 'Seulgi thinspo', 'bad boy thinspo']",[]
"['thinspo', 'kpop thinspo', 'Red Velvet thinspo', 'Seulgi thinspo', 'bad boy thinspo']",[]
"['thinspo', 'kpop thinspo', 'Red Velvet thinspo', 'Seulgi thinspo', 'bad boy thinspo']",[]
"['thinspo', 'kpop thinspo', 'Red Velvet thinspo', 'Seulgi thinspo', 'bad boy thinspo']",[]
"['thinspo', 'kpop thinspo', 'Red Velvet thinspo', 'Seulgi thinspo', 'bad boy thinspo']",[]
"['thinspo', 'kpop thinspo', 'Red Velvet thinspo', 'Seulgi thinspo', 'bad boy thinspo']",[]
"['thinspo', 'kpop thinspo', 'Red Velvet thinspo', 'Seulgi thinspo', 'bad boy thinspo']",[]
"['thinspo', 'kpop thinspo', 'Red Velvet thinspo', 'Seulgi thinspo', 'bad boy thinspo']",[]
"['thinspo', 'kpop thinspo', 'Red Velvet thinspo', 'Seulgi thinspo', 'bad boy thinspo']",[]
"['thinspo', 'kpop thinspo', 'Red Velvet thinspo', 'Seulgi thinspo', 'bad boy thinspo']",[]
"['thinspo', 'kpop thinspo', 'Red Velvet thinspo', 'Seulgi thinspo', 'bad boy thinspo']",[]
"['thinspiration', 'thinspo', 'kpop thinspo', 'miyeon g-idle']",[]
"['thinspiration', 'thinspo', 'kpop thinspo', 'yiren everglow']",[]
"['thinspiration', 'thinspo', 'kpop thinspo', 'yeji itzy']",[]
['kpop thinspo'],[]
"['thinspiration', 'thinspo', 'kpop thinspo', 'hani exid']",[]
"['thinspiration', 'thinspo', 'kpop thinspo', 'yiren everglow']",[]
"['thinspiration', 'thinspo', 'kpop thinspo', 'yeji itzy']",[]
"['kpop thinspo', 'proana', 'ed', 'starving', 'ana', 'promia', 'mia', 'thinspo', 'eating disorder', 'kpop ana']",[]
"['thinspiration', 'thinspo', 'jieun purple kiss', 'kpop thinspo']",[]
"['thinspiration', 'thinspo', 'yiren everglow', 'e:u everglow', 'kpop thinspo']",[]
"['thinspo', 'kpop thinspo', 'thinspi', 'thinspii', 'ed but not sheeran']",[]
"['somi', 'body goals', 'somi body', 'kpop thinspo', 'back thinspo', 'arm thinspo', 'kpop body goals']",[]
"['blackpink', 'blackpink lisa', 'kpop', 'kpop thinspo']",[]
"['thinspo', 'kpop thinspo', 'kpop girl thinspo']",[]
"['dreamcatcher', 'dreamcatcher yoohyeon', 'kpop', 'kpop thinspo']",[]
"['thinspo', 'not pro an4', 'weight loss', 'kpop', 'kpop thinspo', 'ed fast']",[]
"['kpop thinspo', 'thinspo', 'thinspii']",[]
"['somi', 'thinspo', 'body goals', 'kpop thinspo', 'abs thinspo', 'stomach thinspo', 'somi body']",[]
"['somi', 'somi body', 'thinspo', 'kpop thinspo', 'body goals', 'skinny', 'leg thinspo', 'tall thinspo', 'body inspo']",[]
"['irene', 'red velvet', 'kpop thinspo', 'red velvet thinspo']",[]
"['irene', 'red velvet', 'kpop thinspo', 'red velvet thinspo']",[]
"['joy thinspo', 'kpop thinspo', 'red velvet thinspo', 'thin', 'thinspii', 'thinsppi', 'lose weight', 'legspp0', 'legsp0', 'flat tummy', 'skinny', 'anamia']",[]
"['thinspo', 'kpop thinspo', 'Red Velvet thinspo', 'Seulgi thinspo', 'bad boy thinspo']",[]
"['thinspo', 'kpop thinspo', 'Red Velvet thinspo', 'Seulgi thinspo', 'bad boy thinspo']",[]
"['thinspo', 'kpop thinspo', 'Red Velvet thinspo', 'Seulgi thinspo', 'bad boy thinspo']",[]
"['thinspo', 'kpop thinspo', 'Red Velvet thinspo', 'Seulgi thinspo', 'bad boy thinspo']",[]
"['thinspo', 'kpop thinspo', 'Red Velvet thinspo', 'Seulgi thinspo', 'bad boy thinspo']",[]
"['thinspo', 'kpop thinspo', 'Red Velvet thinspo', 'Seulgi thinspo', 'bad boy thinspo']",[]
"['thinspo', 'kpop thinspo', 'Red Velvet thinspo', 'Seulgi thinspo', 'bad boy thinspo']",[]
"['thinspo', 'kpop thinspo', 'Red Velvet thinspo', 'Seulgi thinspo', 'bad boy thinspo']",[]
"['thinspo', 'kpop thinspo', 'Red Velvet thinspo', 'Seulgi thinspo', 'bad boy thinspo']",[]
"['thinspo', 'kpop thinspo', 'Red Velvet thinspo', 'Seulgi thinspo', 'bad boy thinspo']",[]
"['thinspo', 'kpop thinspo', 'Red Velvet thinspo', 'Seulgi thinspo', 'bad boy thinspo']",[]
"['thinspo', 'kpop thinspo', 'Red Velvet thinspo', 'Seulgi thinspo', 'bad boy thinspo']",[]
"['thinspo', 'kpop thinspo', 'Red Velvet thinspo', 'Seulgi thinspo', 'bad boy thinspo']",[]
"['thinspo', 'kpop thinspo', 'Red Velvet thinspo', 'Seulgi thinspo', 'bad boy thinspo']",[]
"['thinspo', 'kpop thinspo', 'Red Velvet thinspo', 'Seulgi thinspo', 'bad boy thinspo']",[]
"['thinspo', 'kpop thinspo', 'Red Velvet thinspo', 'Seulgi thinspo', 'bad boy thinspo']",[]
"['thinspo', 'kpop thinspo', 'Red Velvet thinspo', 'Seulgi thinspo', 'bad boy thinspo']",[]
"['thinspo', 'kpop thinspo', 'Red Velvet thinspo', 'Seulgi thinspo', 'bad boy thinspo']",[]
"['thinspo', 'kpop thinspo', 'Red Velvet thinspo', 'Seulgi thinspo', 'bad boy thinspo']",[]
"['thinspo', 'kpop thinspo', 'Red Velvet thinspo', 'Seulgi thinspo', 'bad boy thinspo']",[]
"['thinspo', 'kpop thinspo', 'Red Velvet thinspo', 'Seulgi thinspo', 'bad boy thinspo']",[]
"['thinspo', 'kpop thinspo', 'Red Velvet thinspo', 'Seulgi thinspo', 'bad boy thinspo']",[]
"['thinspo', 'kpop thinspo', 'Red Velvet thinspo', 'Seulgi thinspo', 'bad boy thinspo']",[]
"['thinspiration', 'thinspo', 'kpop thinspo', 'miyeon g-idle']",[]
"['thinspiration', 'thinspo', 'kpop thinspo', 'yiren everglow']",[]
"['thinspiration', 'thinspo', 'kpop thinspo', 'yeji itzy']",[]
['kpop thinspo'],[]
"['thinspiration', 'thinspo', 'kpop thinspo', 'hani exid']",[]
"['thinspiration', 'thinspo', 'kpop thinspo', 'yiren everglow']",[]
"['thinspiration', 'thinspo', 'kpop thinspo', 'yeji itzy']",[]
"['kpop thinspo', 'proana', 'ed', 'starving', 'ana', 'promia', 'mia', 'thinspo', 'eating disorder', 'kpop ana']",[]
"['thinspiration', 'thinspo', 'jieun purple kiss', 'kpop thinspo']",[]
"['thinspiration', 'thinspo', 'yiren everglow', 'e:u everglow', 'kpop thinspo']",[]
"['thinspo', 'kpop thinspo', 'thinspi', 'thinspii', 'ed but not sheeran']",[]
"['somi', 'body goals', 'somi body', 'kpop thinspo', 'back thinspo', 'arm thinspo', 'kpop body goals']",[]
"['blackpink', 'blackpink lisa', 'kpop', 'kpop thinspo']",[]
"['thinspo', 'kpop thinspo', 'kpop girl thinspo']",[]
"['dreamcatcher', 'dreamcatcher yoohyeon', 'kpop', 'kpop thinspo']",[]
"['thinspo', 'not pro an4', 'weight loss', 'kpop', 'kpop thinspo', 'ed fast']",[]
"['kpop thinspo', 'thinspo', 'thinspii']",[]
"['somi', 'thinspo', 'body goals', 'kpop thinspo', 'abs thinspo', 'stomach thinspo', 'somi body']",[]
"['somi', 'somi body', 'thinspo', 'kpop thinspo', 'body goals', 'skinny', 'leg thinspo', 'tall thinspo', 'body inspo']",[]
"['irene', 'red velvet', 'kpop thinspo', 'red velvet thinspo']",[]
"['irene', 'red velvet', 'kpop thinspo', 'red velvet thinspo']",[]
"['joy thinspo', 'kpop thinspo', 'red velvet thinspo', 'thin', 'thinspii', 'thinsppi', 'lose weight', 'legspp0', 'legsp0', 'flat tummy', 'skinny', 'anamia']",[]
"['thinspo', 'kpop thinspo', 'Red Velvet thinspo', 'Seulgi thinspo', 'bad boy thinspo']",[]
"['thinspo', 'kpop thinspo', 'Red Velvet thinspo', 'Seulgi thinspo', 'bad boy thinspo']",[]
"['thinspo', 'kpop thinspo', 'Red Velvet thinspo', 'Seulgi thinspo', 'bad boy thinspo']",[]
"['thinspo', 'kpop thinspo', 'Red Velvet thinspo', 'Seulgi thinspo', 'bad boy thinspo']",[]
"['thinspo', 'kpop thinspo', 'Red Velvet thinspo', 'Seulgi thinspo', 'bad boy thinspo']",[]
"['thinspo', 'kpop thinspo', 'Red Velvet thinspo', 'Seulgi thinspo', 'bad boy thinspo']",[]
"['thinspo', 'kpop thinspo', 'Red Velvet thinspo', 'Seulgi thinspo', 'bad boy thinspo']",[]
"['thinspo', 'kpop thinspo', 'Red Velvet thinspo', 'Seulgi thinspo', 'bad boy thinspo']",[]
"['thinspo', 'kpop thinspo', 'Red Velvet thinspo', 'Seulgi thinspo', 'bad boy thinspo']",[]
"['thinspo', 'kpop thinspo', 'Red Velvet thinspo', 'Seulgi thinspo', 'bad boy thinspo']",[]
"['thinspo', 'kpop thinspo', 'Red Velvet thinspo', 'Seulgi thinspo', 'bad boy thinspo']",[]
"['thinspo', 'kpop thinspo', 'Red Velvet thinspo', 'Seulgi thinspo', 'bad boy thinspo']",[]
"['thinspo', 'kpop thinspo', 'Red Velvet thinspo', 'Seulgi thinspo', 'bad boy thinspo']",[]
"['thinspo', 'kpop thinspo', 'Red Velvet thinspo', 'Seulgi thinspo', 'bad boy thinspo']",[]
"['thinspo', 'kpop thinspo', 'Red Velvet thinspo', 'Seulgi thinspo', 'bad boy thinspo']",[]
"['thinspo', 'kpop thinspo', 'Red Velvet thinspo', 'Seulgi thinspo', 'bad boy thinspo']",[]
"['thinspo', 'kpop thinspo', 'Red Velvet thinspo', 'Seulgi thinspo', 'bad boy thinspo']",[]
"['thinspo', 'kpop thinspo', 'Red Velvet thinspo', 'Seulgi thinspo', 'bad boy thinspo']",[]
"['thinspo', 'kpop thinspo', 'Red Velvet thinspo', 'Seulgi thinspo', 'bad boy thinspo']",[]
"['thinspo', 'kpop thinspo', 'Red Velvet thinspo', 'Seulgi thinspo', 'bad boy thinspo']",[]
"['thinspo', 'kpop thinspo', 'Red Velvet thinspo', 'Seulgi thinspo', 'bad boy thinspo']",[]
"['thinspo', 'kpop thinspo', 'Red Velvet thinspo', 'Seulgi thinspo', 'bad boy thinspo']",[]
"['thinspo', 'kpop thinspo', 'Red Velvet thinspo', 'Seulgi thinspo', 'bad boy thinspo']",[]
"['thinspiration', 'thinspo', 'kpop thinspo', 'miyeon g-idle']",[]
"['thinspiration', 'thinspo', 'kpop thinspo', 'yiren everglow']",[]
"['thinspiration', 'thinspo', 'kpop thinspo', 'yeji itzy']",[]
['kpop thinspo'],[]
"['thinspiration', 'thinspo', 'kpop thinspo', 'hani exid']",[]
"['thinspiration', 'thinspo', 'kpop thinspo', 'yiren everglow']",[]
"['thinspiration', 'thinspo', 'kpop thinspo', 'yeji itzy']",[]
"['kpop thinspo', 'proana', 'ed', 'starving', 'ana', 'promia', 'mia', 'thinspo', 'eating disorder', 'kpop ana']",[]
"['thinspiration', 'thinspo', 'jieun purple kiss', 'kpop thinspo']",[]
"['thinspiration', 'thinspo', 'yiren everglow', 'e:u everglow', 'kpop thinspo']",[]
"['thinspo', 'kpop thinspo', 'thinspi', 'thinspii', 'ed but not sheeran']",[]
"['somi', 'body goals', 'somi body', 'kpop thinspo', 'back thinspo', 'arm thinspo', 'kpop body goals']",[]
"['blackpink', 'blackpink lisa', 'kpop', 'kpop thinspo']",[]
"['thinspo', 'kpop thinspo', 'kpop girl thinspo']",[]
"['dreamcatcher', 'dreamcatcher yoohyeon', 'kpop', 'kpop thinspo']",[]
"['thinspo', 'not pro an4', 'weight loss', 'kpop', 'kpop thinspo', 'ed fast']",[]
"['kpop thinspo', 'thinspo', 'thinspii']",[]
"['somi', 'thinspo', 'body goals', 'kpop thinspo', 'abs thinspo', 'stomach thinspo', 'somi body']",[]
"['somi', 'somi body', 'thinspo', 'kpop thinspo', 'body goals', 'skinny', 'leg thinspo', 'tall thinspo', 'body inspo']",[]
"['irene', 'red velvet', 'kpop thinspo', 'red velvet thinspo']",[]
"['irene', 'red velvet', 'kpop thinspo', 'red velvet thinspo']",[]
"['joy thinspo', 'kpop thinspo', 'red velvet thinspo', 'thin', 'thinspii', 'thinsppi', 'lose weight', 'legspp0', 'legsp0', 'flat tummy', 'skinny', 'anamia']",[]
"['thinspo', 'kpop thinspo', 'Red Velvet thinspo', 'Seulgi thinspo', 'bad boy thinspo']",[]
"['thinspo', 'kpop thinspo', 'Red Velvet thinspo', 'Seulgi thinspo', 'bad boy thinspo']",[]
"['thinspo', 'kpop thinspo', 'Red Velvet thinspo', 'Seulgi thinspo', 'bad boy thinspo']",[]
"['thinspo', 'kpop thinspo', 'Red Velvet thinspo', 'Seulgi thinspo', 'bad boy thinspo']",[]
"['thinspo', 'kpop thinspo', 'Red Velvet thinspo', 'Seulgi thinspo', 'bad boy thinspo']",[]
"['thinspo', 'kpop thinspo', 'Red Velvet thinspo', 'Seulgi thinspo', 'bad boy thinspo']",[]
"['thinspo', 'kpop thinspo', 'Red Velvet thinspo', 'Seulgi thinspo', 'bad boy thinspo']",[]
"['thinspo', 'kpop thinspo', 'Red Velvet thinspo', 'Seulgi thinspo', 'bad boy thinspo']",[]
"['thinspo', 'kpop thinspo', 'Red Velvet thinspo', 'Seulgi thinspo', 'bad boy thinspo']",[]
"['thinspo', 'kpop thinspo', 'Red Velvet thinspo', 'Seulgi thinspo', 'bad boy thinspo']",[]
"['thinspo', 'kpop thinspo', 'Red Velvet thinspo', 'Seulgi thinspo', 'bad boy thinspo']",[]
"['thinspo', 'kpop thinspo', 'Red Velvet thinspo', 'Seulgi thinspo', 'bad boy thinspo']",[]
"['thinspo', 'kpop thinspo', 'Red Velvet thinspo', 'Seulgi thinspo', 'bad boy thinspo']",[]
"['thinspo', 'kpop thinspo', 'Red Velvet thinspo', 'Seulgi thinspo', 'bad boy thinspo']",[]
"['thinspo', 'kpop thinspo', 'Red Velvet thinspo', 'Seulgi thinspo', 'bad boy thinspo']",[]
"['thinspo', 'kpop thinspo', 'Red Velvet thinspo', 'Seulgi thinspo', 'bad boy thinspo']",[]
"['thinspo', 'kpop thinspo', 'Red Velvet thinspo', 'Seulgi thinspo', 'bad boy thinspo']",[]
"['thinspo', 'kpop thinspo', 'Red Velvet thinspo', 'Seulgi thinspo', 'bad boy thinspo']",[]
"['thinspo', 'kpop thinspo', 'Red Velvet thinspo', 'Seulgi thinspo', 'bad boy thinspo']",[]
"['thinspo', 'kpop thinspo', 'Red Velvet thinspo', 'Seulgi thinspo', 'bad boy thinspo']",[]
"['thinspo', 'kpop thinspo', 'Red Velvet thinspo', 'Seulgi thinspo', 'bad boy thinspo']",[]
"['thinspo', 'kpop thinspo', 'Red Velvet thinspo', 'Seulgi thinspo', 'bad boy thinspo']",[]
"['thinspo', 'kpop thinspo', 'Red Velvet thinspo', 'Seulgi thinspo', 'bad boy thinspo']",[]
"['thinspiration', 'thinspo', 'kpop thinspo', 'miyeon g-idle']",[]
"['thinspiration', 'thinspo', 'kpop thinspo', 'yiren everglow']",[]
"['thinspiration', 'thinspo', 'kpop thinspo', 'yeji itzy']",[]
['kpop thinspo'],[]
"['thinspiration', 'thinspo', 'kpop thinspo', 'hani exid']",[]
"['thinspiration', 'thinspo', 'kpop thinspo', 'yiren everglow']",[]
"['thinspiration', 'thinspo', 'kpop thinspo', 'yeji itzy']",[]
"['kpop thinspo', 'proana', 'ed', 'starving', 'ana', 'promia', 'mia', 'thinspo', 'eating disorder', 'kpop ana']",[]
"['thinspiration', 'thinspo', 'jieun purple kiss', 'kpop thinspo']",[]
"['thinspiration', 'thinspo', 'yiren everglow', 'e:u everglow', 'kpop thinspo']",[]
"['thinspo', 'kpop thinspo', 'thinspi', 'thinspii', 'ed but not sheeran']",[]
"['somi', 'body goals', 'somi body', 'kpop thinspo', 'back thinspo', 'arm thinspo', 'kpop body goals']",[]
"['blackpink', 'blackpink lisa', 'kpop', 'kpop thinspo']",[]
"['thinspo', 'kpop thinspo', 'kpop girl thinspo']",[]
"['dreamcatcher', 'dreamcatcher yoohyeon', 'kpop', 'kpop thinspo']",[]
"['thinspo', 'not pro an4', 'weight loss', 'kpop', 'kpop thinspo', 'ed fast']",[]
"['kpop thinspo', 'thinspo', 'thinspii']",[]
"['somi', 'thinspo', 'body goals', 'kpop thinspo', 'abs thinspo', 'stomach thinspo', 'somi body']",[]
"['somi', 'somi body', 'thinspo', 'kpop thinspo', 'body goals', 'skinny', 'leg thinspo', 'tall thinspo', 'body inspo']",[]
"['irene', 'red velvet', 'kpop thinspo', 'red velvet thinspo']",[]
"['irene', 'red velvet', 'kpop thinspo', 'red velvet thinspo']",[]
"['joy thinspo', 'kpop thinspo', 'red velvet thinspo', 'thin', 'thinspii', 'thinsppi', 'lose weight', 'legspp0', 'legsp0', 'flat tummy', 'skinny', 'anamia']",[]
"['thinspo', 'kpop thinspo', 'Red Velvet thinspo', 'Seulgi thinspo', 'bad boy thinspo']",[]
"['thinspo', 'kpop thinspo', 'Red Velvet thinspo', 'Seulgi thinspo', 'bad boy thinspo']",[]
"['thinspo', 'kpop thinspo', 'Red Velvet thinspo', 'Seulgi thinspo', 'bad boy thinspo']",[]
"['thinspo', 'kpop thinspo', 'Red Velvet thinspo', 'Seulgi thinspo', 'bad boy thinspo']",[]
"['thinspo', 'kpop thinspo', 'Red Velvet thinspo', 'Seulgi thinspo', 'bad boy thinspo']",[]
"['thinspo', 'kpop thinspo', 'Red Velvet thinspo', 'Seulgi thinspo', 'bad boy thinspo']",[]
"['thinspo', 'kpop thinspo', 'Red Velvet thinspo', 'Seulgi thinspo', 'bad boy thinspo']",[]
"['thinspo', 'kpop thinspo', 'Red Velvet thinspo', 'Seulgi thinspo', 'bad boy thinspo']",[]
"['thinspo', 'kpop thinspo', 'Red Velvet thinspo', 'Seulgi thinspo', 'bad boy thinspo']",[]
"['thinspo', 'kpop thinspo', 'Red Velvet thinspo', 'Seulgi thinspo', 'bad boy thinspo']",[]
"['thinspo', 'kpop thinspo', 'Red Velvet thinspo', 'Seulgi thinspo', 'bad boy thinspo']",[]
"['thinspo', 'kpop thinspo', 'Red Velvet thinspo', 'Seulgi thinspo', 'bad boy thinspo']",[]
"['thinspo', 'kpop thinspo', 'Red Velvet thinspo', 'Seulgi thinspo', 'bad boy thinspo']",[]
"['thinspo', 'kpop thinspo', 'Red Velvet thinspo', 'Seulgi thinspo', 'bad boy thinspo']",[]
"['thinspo', 'kpop thinspo', 'Red Velvet thinspo', 'Seulgi thinspo', 'bad boy thinspo']",[]
"['thinspo', 'kpop thinspo', 'Red Velvet thinspo', 'Seulgi thinspo', 'bad boy thinspo']",[]
"['thinspo', 'kpop thinspo', 'Red Velvet thinspo', 'Seulgi thinspo', 'bad boy thinspo']",[]
"['thinspo', 'kpop thinspo', 'Red Velvet thinspo', 'Seulgi thinspo', 'bad boy thinspo']",[]
"['thinspo', 'kpop thinspo', 'Red Velvet thinspo', 'Seulgi thinspo', 'bad boy thinspo']",[]
"['thinspo', 'kpop thinspo', 'Red Velvet thinspo', 'Seulgi thinspo', 'bad boy thinspo']",[]
"['thinspo', 'kpop thinspo', 'Red Velvet thinspo', 'Seulgi thinspo', 'bad boy thinspo']",[]
"['thinspo', 'kpop thinspo', 'Red Velvet thinspo', 'Seulgi thinspo', 'bad boy thinspo']",[]
"['thinspo', 'kpop thinspo', 'Red Velvet thinspo', 'Seulgi thinspo', 'bad boy thinspo']",[]
"['thinspiration', 'thinspo', 'kpop thinspo', 'miyeon g-idle']",[]
"['thinspiration', 'thinspo', 'kpop thinspo', 'yiren everglow']",[]
"['thinspiration', 'thinspo', 'kpop thinspo', 'yeji itzy']",[]
['kpop thinspo'],[]
"['thinspiration', 'thinspo', 'kpop thinspo', 'hani exid']",[]
"['thinspiration', 'thinspo', 'kpop thinspo', 'yiren everglow']",[]
"['thinspiration', 'thinspo', 'kpop thinspo', 'yeji itzy']",[]
"['kpop thinspo', 'proana', 'ed', 'starving', 'ana', 'promia', 'mia', 'thinspo', 'eating disorder', 'kpop ana']",[]
"['thinspiration', 'thinspo', 'jieun purple kiss', 'kpop thinspo']",[]
"['thinspiration', 'thinspo', 'yiren everglow', 'e:u everglow', 'kpop thinspo']",[]
"['thinspo', 'kpop thinspo', 'thinspi', 'thinspii', 'ed but not sheeran']",[]
"['somi', 'body goals', 'somi body', 'kpop thinspo', 'back thinspo', 'arm thinspo', 'kpop body goals']",[]
"['blackpink', 'blackpink lisa', 'kpop', 'kpop thinspo']",[]
"['thinspo', 'kpop thinspo', 'kpop girl thinspo']",[]
"['dreamcatcher', 'dreamcatcher yoohyeon', 'kpop', 'kpop thinspo']",[]
"['thinspo', 'not pro an4', 'weight loss', 'kpop', 'kpop thinspo', 'ed fast']",[]
"['kpop thinspo', 'thinspo', 'thinspii']",[]
"['somi', 'thinspo', 'body goals', 'kpop thinspo', 'abs thinspo', 'stomach thinspo', 'somi body']",[]
"['somi', 'somi body', 'thinspo', 'kpop thinspo', 'body goals', 'skinny', 'leg thinspo', 'tall thinspo', 'body inspo']",[]
"['irene', 'red velvet', 'kpop thinspo', 'red velvet thinspo']",[]
"['irene', 'red velvet', 'kpop thinspo', 'red velvet thinspo']",[]
"['joy thinspo', 'kpop thinspo', 'red velvet thinspo', 'thin', 'thinspii', 'thinsppi', 'lose weight', 'legspp0', 'legsp0', 'flat tummy', 'skinny', 'anamia']",[]
"['thinspo', 'kpop thinspo', 'Red Velvet thinspo', 'Seulgi thinspo', 'bad boy thinspo']",[]
"['thinspo', 'kpop thinspo', 'Red Velvet thinspo', 'Seulgi thinspo', 'bad boy thinspo']",[]
"['thinspo', 'kpop thinspo', 'Red Velvet thinspo', 'Seulgi thinspo', 'bad boy thinspo']",[]
"['thinspo', 'kpop thinspo', 'Red Velvet thinspo', 'Seulgi thinspo', 'bad boy thinspo']",[]
"['thinspo', 'kpop thinspo', 'Red Velvet thinspo', 'Seulgi thinspo', 'bad boy thinspo']",[]
"['thinspo', 'kpop thinspo', 'Red Velvet thinspo', 'Seulgi thinspo', 'bad boy thinspo']",[]
"['thinspo', 'kpop thinspo', 'Red Velvet thinspo', 'Seulgi thinspo', 'bad boy thinspo']",[]
"['thinspo', 'kpop thinspo', 'Red Velvet thinspo', 'Seulgi thinspo', 'bad boy thinspo']",[]
"['thinspo', 'kpop thinspo', 'Red Velvet thinspo', 'Seulgi thinspo', 'bad boy thinspo']",[]
"['thinspo', 'kpop thinspo', 'Red Velvet thinspo', 'Seulgi thinspo', 'bad boy thinspo']",[]
"['thinspo', 'kpop thinspo', 'Red Velvet thinspo', 'Seulgi thinspo', 'bad boy thinspo']",[]
"['thinspo', 'kpop thinspo', 'Red Velvet thinspo', 'Seulgi thinspo', 'bad boy thinspo']",[]
"['thinspo', 'kpop thinspo', 'Red Velvet thinspo', 'Seulgi thinspo', 'bad boy thinspo']",[]
"['thinspo', 'kpop thinspo', 'Red Velvet thinspo', 'Seulgi thinspo', 'bad boy thinspo']",[]
"['thinspo', 'kpop thinspo', 'Red Velvet thinspo', 'Seulgi thinspo', 'bad boy thinspo']",[]
"['thinspo', 'kpop thinspo', 'Red Velvet thinspo', 'Seulgi thinspo', 'bad boy thinspo']",[]
"['thinspo', 'kpop thinspo', 'Red Velvet thinspo', 'Seulgi thinspo', 'bad boy thinspo']",[]
"['thinspo', 'kpop thinspo', 'Red Velvet thinspo', 'Seulgi thinspo', 'bad boy thinspo']",[]
"['thinspo', 'kpop thinspo', 'Red Velvet thinspo', 'Seulgi thinspo', 'bad boy thinspo']",[]
"['thinspo', 'kpop thinspo', 'Red Velvet thinspo', 'Seulgi thinspo', 'bad boy thinspo']",[]
"['thinspo', 'kpop thinspo', 'Red Velvet thinspo', 'Seulgi thinspo', 'bad boy thinspo']",[]
"['thinspo', 'kpop thinspo', 'Red Velvet thinspo', 'Seulgi thinspo', 'bad boy thinspo']",[]
"['thinspo', 'kpop thinspo', 'Red Velvet thinspo', 'Seulgi thinspo', 'bad boy thinspo']",[]
"['thinspiration', 'thinspo', 'kpop thinspo', 'miyeon g-idle']",[]
"['thinspiration', 'thinspo', 'kpop thinspo', 'yiren everglow']",[]
"['thinspiration', 'thinspo', 'kpop thinspo', 'yeji itzy']",[]
['kpop thinspo'],[]
"['thinspiration', 'thinspo', 'kpop thinspo', 'hani exid']",[]
"['thinspiration', 'thinspo', 'kpop thinspo', 'yiren everglow']",[]
"['thinspiration', 'thinspo', 'kpop thinspo', 'yeji itzy']",[]
"['kpop thinspo', 'proana', 'ed', 'starving', 'ana', 'promia', 'mia', 'thinspo', 'eating disorder', 'kpop ana']",[]
"['thinspiration', 'thinspo', 'jieun purple kiss', 'kpop thinspo']",[]
"['thinspiration', 'thinspo', 'yiren everglow', 'e:u everglow', 'kpop thinspo']",[]
"['thinspo', 'kpop thinspo', 'thinspi', 'thinspii', 'ed but not sheeran']",[]
"['somi', 'body goals', 'somi body', 'kpop thinspo', 'back thinspo', 'arm thinspo', 'kpop body goals']",[]
"['blackpink', 'blackpink lisa', 'kpop', 'kpop thinspo']",[]
"['thinspo', 'kpop thinspo', 'kpop girl thinspo']",[]
"['dreamcatcher', 'dreamcatcher yoohyeon', 'kpop', 'kpop thinspo']",[]
"['thinspo', 'not pro an4', 'weight loss', 'kpop', 'kpop thinspo', 'ed fast']",[]
"['kpop thinspo', 'thinspo', 'thinspii']",[]
"['somi', 'thinspo', 'body goals', 'kpop thinspo', 'abs thinspo', 'stomach thinspo', 'somi body']",[]
"['somi', 'somi body', 'thinspo', 'kpop thinspo', 'body goals', 'skinny', 'leg thinspo', 'tall thinspo', 'body inspo']",[]
"['irene', 'red velvet', 'kpop thinspo', 'red velvet thinspo']",[]
"['irene', 'red velvet', 'kpop thinspo', 'red velvet thinspo']",[]
"['joy thinspo', 'kpop thinspo', 'red velvet thinspo', 'thin', 'thinspii', 'thinsppi', 'lose weight', 'legspp0', 'legsp0', 'flat tummy', 'skinny', 'anamia']",[]
"['thinspo', 'kpop thinspo', 'Red Velvet thinspo', 'Seulgi thinspo', 'bad boy thinspo']",[]
"['thinspo', 'kpop thinspo', 'Red Velvet thinspo', 'Seulgi thinspo', 'bad boy thinspo']",[]
"['thinspo', 'kpop thinspo', 'Red Velvet thinspo', 'Seulgi thinspo', 'bad boy thinspo']",[]
"['thinspo', 'kpop thinspo', 'Red Velvet thinspo', 'Seulgi thinspo', 'bad boy thinspo']",[]
"['thinspo', 'kpop thinspo', 'Red Velvet thinspo', 'Seulgi thinspo', 'bad boy thinspo']",[]
"['thinspo', 'kpop thinspo', 'Red Velvet thinspo', 'Seulgi thinspo', 'bad boy thinspo']",[]
"['thinspo', 'kpop thinspo', 'Red Velvet thinspo', 'Seulgi thinspo', 'bad boy thinspo']",[]
"['thinspo', 'kpop thinspo', 'Red Velvet thinspo', 'Seulgi thinspo', 'bad boy thinspo']",[]
"['thinspo', 'kpop thinspo', 'Red Velvet thinspo', 'Seulgi thinspo', 'bad boy thinspo']",[]
"['thinspo', 'kpop thinspo', 'Red Velvet thinspo', 'Seulgi thinspo', 'bad boy thinspo']",[]
"['thinspo', 'kpop thinspo', 'Red Velvet thinspo', 'Seulgi thinspo', 'bad boy thinspo']",[]
"['thinspo', 'kpop thinspo', 'Red Velvet thinspo', 'Seulgi thinspo', 'bad boy thinspo']",[]
"['thinspo', 'kpop thinspo', 'Red Velvet thinspo', 'Seulgi thinspo', 'bad boy thinspo']",[]
"['thinspo', 'kpop thinspo', 'Red Velvet thinspo', 'Seulgi thinspo', 'bad boy thinspo']",[]
"['thinspo', 'kpop thinspo', 'Red Velvet thinspo', 'Seulgi thinspo', 'bad boy thinspo']",[]
"['thinspo', 'kpop thinspo', 'Red Velvet thinspo', 'Seulgi thinspo', 'bad boy thinspo']",[]
"['thinspo', 'kpop thinspo', 'Red Velvet thinspo', 'Seulgi thinspo', 'bad boy thinspo']",[]
"['thinspo', 'kpop thinspo', 'Red Velvet thinspo', 'Seulgi thinspo', 'bad boy thinspo']",[]
"['thinspo', 'kpop thinspo', 'Red Velvet thinspo', 'Seulgi thinspo', 'bad boy thinspo']",[]
"['thinspo', 'kpop thinspo', 'Red Velvet thinspo', 'Seulgi thinspo', 'bad boy thinspo']",[]
"['thinspo', 'kpop thinspo', 'Red Velvet thinspo', 'Seulgi thinspo', 'bad boy thinspo']",[]
"['thinspo', 'kpop thinspo', 'Red Velvet thinspo', 'Seulgi thinspo', 'bad boy thinspo']",[]
"['thinspo', 'kpop thinspo', 'Red Velvet thinspo', 'Seulgi thinspo', 'bad boy thinspo']",[]
"['thinspiration', 'thinspo', 'kpop thinspo', 'miyeon g-idle']",[]
"['thinspiration', 'thinspo', 'kpop thinspo', 'yiren everglow']",[]
"['thinspiration', 'thinspo', 'kpop thinspo', 'yeji itzy']",[]
['kpop thinspo'],[]
"['thinspiration', 'thinspo', 'kpop thinspo', 'hani exid']",[]
"['thinspiration', 'thinspo', 'kpop thinspo', 'yiren everglow']",[]
"['thinspiration', 'thinspo', 'kpop thinspo', 'yeji itzy']",[]
"['kpop thinspo', 'proana', 'ed', 'starving', 'ana', 'promia', 'mia', 'thinspo', 'eating disorder', 'kpop ana']",[]
"['thinspiration', 'thinspo', 'jieun purple kiss', 'kpop thinspo']",[]
"['thinspiration', 'thinspo', 'yiren everglow', 'e:u everglow', 'kpop thinspo']",[]
"['thinspo', 'kpop thinspo', 'thinspi', 'thinspii', 'ed but not sheeran']",[]
"['somi', 'body goals', 'somi body', 'kpop thinspo', 'back thinspo', 'arm thinspo', 'kpop body goals']",[]
"['blackpink', 'blackpink lisa', 'kpop', 'kpop thinspo']",[]
"['thinspo', 'kpop thinspo', 'kpop girl thinspo']",[]
"['dreamcatcher', 'dreamcatcher yoohyeon', 'kpop', 'kpop thinspo']",[]
"['thinspo', 'not pro an4', 'weight loss', 'kpop', 'kpop thinspo', 'ed fast']",[]
"['kpop thinspo', 'thinspo', 'thinspii']",[]
"['somi', 'thinspo', 'body goals', 'kpop thinspo', 'abs thinspo', 'stomach thinspo', 'somi body']",[]
"['somi', 'somi body', 'thinspo', 'kpop thinspo', 'body goals', 'skinny', 'leg thinspo', 'tall thinspo', 'body inspo']",[]
"['irene', 'red velvet', 'kpop thinspo', 'red velvet thinspo']",[]
"['irene', 'red velvet', 'kpop thinspo', 'red velvet thinspo']",[]
"['joy thinspo', 'kpop thinspo', 'red velvet thinspo', 'thin', 'thinspii', 'thinsppi', 'lose weight', 'legspp0', 'legsp0', 'flat tummy', 'skinny', 'anamia']",[]
"['thinspo', 'kpop thinspo', 'Red Velvet thinspo', 'Seulgi thinspo', 'bad boy thinspo']",[]
"['thinspo', 'kpop thinspo', 'Red Velvet thinspo', 'Seulgi thinspo', 'bad boy thinspo']",[]
"['thinspo', 'kpop thinspo', 'Red Velvet thinspo', 'Seulgi thinspo', 'bad boy thinspo']",[]
"['thinspo', 'kpop thinspo', 'Red Velvet thinspo', 'Seulgi thinspo', 'bad boy thinspo']",[]
"['thinspo', 'kpop thinspo', 'Red Velvet thinspo', 'Seulgi thinspo', 'bad boy thinspo']",[]
"['thinspo', 'kpop thinspo', 'Red Velvet thinspo', 'Seulgi thinspo', 'bad boy thinspo']",[]
"['thinspo', 'kpop thinspo', 'Red Velvet thinspo', 'Seulgi thinspo', 'bad boy thinspo']",[]
"['thinspo', 'kpop thinspo', 'Red Velvet thinspo', 'Seulgi thinspo', 'bad boy thinspo']",[]
"['thinspo', 'kpop thinspo', 'Red Velvet thinspo', 'Seulgi thinspo', 'bad boy thinspo']",[]
"['thinspo', 'kpop thinspo', 'Red Velvet thinspo', 'Seulgi thinspo', 'bad boy thinspo']",[]
"['thinspo', 'kpop thinspo', 'Red Velvet thinspo', 'Seulgi thinspo', 'bad boy thinspo']",[]
"['thinspo', 'kpop thinspo', 'Red Velvet thinspo', 'Seulgi thinspo', 'bad boy thinspo']",[]
"['thinspo', 'kpop thinspo', 'Red Velvet thinspo', 'Seulgi thinspo', 'bad boy thinspo']",[]
"['thinspo', 'kpop thinspo', 'Red Velvet thinspo', 'Seulgi thinspo', 'bad boy thinspo']",[]
"['thinspo', 'kpop thinspo', 'Red Velvet thinspo', 'Seulgi thinspo', 'bad boy thinspo']",[]
"['thinspo', 'kpop thinspo', 'Red Velvet thinspo', 'Seulgi thinspo', 'bad boy thinspo']",[]
"['thinspo', 'kpop thinspo', 'Red Velvet thinspo', 'Seulgi thinspo', 'bad boy thinspo']",[]
"['thinspo', 'kpop thinspo', 'Red Velvet thinspo', 'Seulgi thinspo', 'bad boy thinspo']",[]
"['thinspo', 'kpop thinspo', 'Red Velvet thinspo', 'Seulgi thinspo', 'bad boy thinspo']",[]
"['thinspo', 'kpop thinspo', 'Red Velvet thinspo', 'Seulgi thinspo', 'bad boy thinspo']",[]
"['thinspo', 'kpop thinspo', 'Red Velvet thinspo', 'Seulgi thinspo', 'bad boy thinspo']",[]
"['thinspo', 'kpop thinspo', 'Red Velvet thinspo', 'Seulgi thinspo', 'bad boy thinspo']",[]
"['thinspo', 'kpop thinspo', 'Red Velvet thinspo', 'Seulgi thinspo', 'bad boy thinspo']",[]
"['thinspiration', 'thinspo', 'kpop thinspo', 'miyeon g-idle']",[]
"['thinspiration', 'thinspo', 'kpop thinspo', 'yiren everglow']",[]
"['thinspiration', 'thinspo', 'kpop thinspo', 'yeji itzy']",[]
['kpop thinspo'],[]
"['thinspiration', 'thinspo', 'kpop thinspo', 'hani exid']",[]
"['thinspiration', 'thinspo', 'kpop thinspo', 'yiren everglow']",[]
"['thinspiration', 'thinspo', 'kpop thinspo', 'yeji itzy']",[]
"['kpop thinspo', 'proana', 'ed', 'starving', 'ana', 'promia', 'mia', 'thinspo', 'eating disorder', 'kpop ana']",[]
"['thinspiration', 'thinspo', 'jieun purple kiss', 'kpop thinspo']",[]
"['thinspiration', 'thinspo', 'yiren everglow', 'e:u everglow', 'kpop thinspo']",[]
"['thinspo', 'kpop thinspo', 'thinspi', 'thinspii', 'ed but not sheeran']",[]
"['somi', 'body goals', 'somi body', 'kpop thinspo', 'back thinspo', 'arm thinspo', 'kpop body goals']",[]
"['blackpink', 'blackpink lisa', 'kpop', 'kpop thinspo']",[]
"['thinspo', 'kpop thinspo', 'kpop girl thinspo']",[]
"['dreamcatcher', 'dreamcatcher yoohyeon', 'kpop', 'kpop thinspo']",[]
"['thinspo', 'not pro an4', 'weight loss', 'kpop', 'kpop thinspo', 'ed fast']",[]
"['kpop thinspo', 'thinspo', 'thinspii']",[]
"['somi', 'thinspo', 'body goals', 'kpop thinspo', 'abs thinspo', 'stomach thinspo', 'somi body']",[]
"['somi', 'somi body', 'thinspo', 'kpop thinspo', 'body goals', 'skinny', 'leg thinspo', 'tall thinspo', 'body inspo']",[]
"['irene', 'red velvet', 'kpop thinspo', 'red velvet thinspo']",[]
"['irene', 'red velvet', 'kpop thinspo', 'red velvet thinspo']",[]
"['joy thinspo', 'kpop thinspo', 'red velvet thinspo', 'thin', 'thinspii', 'thinsppi', 'lose weight', 'legspp0', 'legsp0', 'flat tummy', 'skinny', 'anamia']",[]
"['thinspo', 'kpop thinspo', 'Red Velvet thinspo', 'Seulgi thinspo', 'bad boy thinspo']",[]
"['thinspo', 'kpop thinspo', 'Red Velvet thinspo', 'Seulgi thinspo', 'bad boy thinspo']",[]
"['thinspo', 'kpop thinspo', 'Red Velvet thinspo', 'Seulgi thinspo', 'bad boy thinspo']",[]
"['thinspo', 'kpop thinspo', 'Red Velvet thinspo', 'Seulgi thinspo', 'bad boy thinspo']",[]
"['thinspo', 'kpop thinspo', 'Red Velvet thinspo', 'Seulgi thinspo', 'bad boy thinspo']",[]
"['thinspo', 'kpop thinspo', 'Red Velvet thinspo', 'Seulgi thinspo', 'bad boy thinspo']",[]
"['thinspo', 'kpop thinspo', 'Red Velvet thinspo', 'Seulgi thinspo', 'bad boy thinspo']",[]
"['thinspo', 'kpop thinspo', 'Red Velvet thinspo', 'Seulgi thinspo', 'bad boy thinspo']",[]
"['thinspo', 'kpop thinspo', 'Red Velvet thinspo', 'Seulgi thinspo', 'bad boy thinspo']",[]
"['thinspo', 'kpop thinspo', 'Red Velvet thinspo', 'Seulgi thinspo', 'bad boy thinspo']",[]
"['thinspo', 'kpop thinspo', 'Red Velvet thinspo', 'Seulgi thinspo', 'bad boy thinspo']",[]
"['thinspo', 'kpop thinspo', 'Red Velvet thinspo', 'Seulgi thinspo', 'bad boy thinspo']",[]
"['thinspo', 'kpop thinspo', 'Red Velvet thinspo', 'Seulgi thinspo', 'bad boy thinspo']",[]
"['thinspo', 'kpop thinspo', 'Red Velvet thinspo', 'Seulgi thinspo', 'bad boy thinspo']",[]
"['thinspo', 'kpop thinspo', 'Red Velvet thinspo', 'Seulgi thinspo', 'bad boy thinspo']",[]
"['thinspo', 'kpop thinspo', 'Red Velvet thinspo', 'Seulgi thinspo', 'bad boy thinspo']",[]
"['thinspo', 'kpop thinspo', 'Red Velvet thinspo', 'Seulgi thinspo', 'bad boy thinspo']",[]
"['thinspo', 'kpop thinspo', 'Red Velvet thinspo', 'Seulgi thinspo', 'bad boy thinspo']",[]
"['thinspo', 'kpop thinspo', 'Red Velvet thinspo', 'Seulgi thinspo', 'bad boy thinspo']",[]
"['thinspo', 'kpop thinspo', 'Red Velvet thinspo', 'Seulgi thinspo', 'bad boy thinspo']",[]
"['thinspo', 'kpop thinspo', 'Red Velvet thinspo', 'Seulgi thinspo', 'bad boy thinspo']",[]
"['thinspo', 'kpop thinspo', 'Red Velvet thinspo', 'Seulgi thinspo', 'bad boy thinspo']",[]
"['thinspo', 'kpop thinspo', 'Red Velvet thinspo', 'Seulgi thinspo', 'bad boy thinspo']",[]
"['thinspiration', 'thinspo', 'kpop thinspo', 'miyeon g-idle']",[]
"['thinspiration', 'thinspo', 'kpop thinspo', 'yiren everglow']",[]
"['thinspiration', 'thinspo', 'kpop thinspo', 'yeji itzy']",[]
['kpop thinspo'],[]
"['thinspiration', 'thinspo', 'kpop thinspo', 'hani exid']",[]
"['thinspiration', 'thinspo', 'kpop thinspo', 'yiren everglow']",[]
"['thinspiration', 'thinspo', 'kpop thinspo', 'yeji itzy']",[]
"['kpop thinspo', 'proana', 'ed', 'starving', 'ana', 'promia', 'mia', 'thinspo', 'eating disorder', 'kpop ana']",[]
"['thinspiration', 'thinspo', 'jieun purple kiss', 'kpop thinspo']",[]
"['thinspiration', 'thinspo', 'yiren everglow', 'e:u everglow', 'kpop thinspo']",[]
"['thinspo', 'kpop thinspo', 'thinspi', 'thinspii', 'ed but not sheeran']",[]
"['somi', 'body goals', 'somi body', 'kpop thinspo', 'back thinspo', 'arm thinspo', 'kpop body goals']",[]
"['blackpink', 'blackpink lisa', 'kpop', 'kpop thinspo']",[]
"['thinspo', 'kpop thinspo', 'kpop girl thinspo']",[]
"['dreamcatcher', 'dreamcatcher yoohyeon', 'kpop', 'kpop thinspo']",[]
"['thinspo', 'not pro an4', 'weight loss', 'kpop', 'kpop thinspo', 'ed fast']",[]
"['kpop thinspo', 'thinspo', 'thinspii']",[]
"['somi', 'thinspo', 'body goals', 'kpop thinspo', 'abs thinspo', 'stomach thinspo', 'somi body']",[]
"['somi', 'somi body', 'thinspo', 'kpop thinspo', 'body goals', 'skinny', 'leg thinspo', 'tall thinspo', 'body inspo']",[]
"['irene', 'red velvet', 'kpop thinspo', 'red velvet thinspo']",[]
"['irene', 'red velvet', 'kpop thinspo', 'red velvet thinspo']",[]
"['joy thinspo', 'kpop thinspo', 'red velvet thinspo', 'thin', 'thinspii', 'thinsppi', 'lose weight', 'legspp0', 'legsp0', 'flat tummy', 'skinny', 'anamia']",[]
"['thinspo', 'kpop thinspo', 'Red Velvet thinspo', 'Seulgi thinspo', 'bad boy thinspo']",[]
"['thinspo', 'kpop thinspo', 'Red Velvet thinspo', 'Seulgi thinspo', 'bad boy thinspo']",[]
"['thinspo', 'kpop thinspo', 'Red Velvet thinspo', 'Seulgi thinspo', 'bad boy thinspo']",[]
"['thinspo', 'kpop thinspo', 'Red Velvet thinspo', 'Seulgi thinspo', 'bad boy thinspo']",[]
"['thinspo', 'kpop thinspo', 'Red Velvet thinspo', 'Seulgi thinspo', 'bad boy thinspo']",[]
"['thinspo', 'kpop thinspo', 'Red Velvet thinspo', 'Seulgi thinspo', 'bad boy thinspo']",[]
"['thinspo', 'kpop thinspo', 'Red Velvet thinspo', 'Seulgi thinspo', 'bad boy thinspo']",[]
"['thinspo', 'kpop thinspo', 'Red Velvet thinspo', 'Seulgi thinspo', 'bad boy thinspo']",[]
"['thinspo', 'kpop thinspo', 'Red Velvet thinspo', 'Seulgi thinspo', 'bad boy thinspo']",[]
"['thinspo', 'kpop thinspo', 'Red Velvet thinspo', 'Seulgi thinspo', 'bad boy thinspo']",[]
"['thinspo', 'kpop thinspo', 'Red Velvet thinspo', 'Seulgi thinspo', 'bad boy thinspo']",[]
"['thinspo', 'kpop thinspo', 'Red Velvet thinspo', 'Seulgi thinspo', 'bad boy thinspo']",[]
"['thinspo', 'kpop thinspo', 'Red Velvet thinspo', 'Seulgi thinspo', 'bad boy thinspo']",[]
"['thinspo', 'kpop thinspo', 'Red Velvet thinspo', 'Seulgi thinspo', 'bad boy thinspo']",[]
"['thinspo', 'kpop thinspo', 'Red Velvet thinspo', 'Seulgi thinspo', 'bad boy thinspo']",[]
"['thinspo', 'kpop thinspo', 'Red Velvet thinspo', 'Seulgi thinspo', 'bad boy thinspo']",[]
"['thinspo', 'kpop thinspo', 'Red Velvet thinspo', 'Seulgi thinspo', 'bad boy thinspo']",[]
"['thinspo', 'kpop thinspo', 'Red Velvet thinspo', 'Seulgi thinspo', 'bad boy thinspo']",[]
"['thinspo', 'kpop thinspo', 'Red Velvet thinspo', 'Seulgi thinspo', 'bad boy thinspo']",[]
"['thinspo', 'kpop thinspo', 'Red Velvet thinspo', 'Seulgi thinspo', 'bad boy thinspo']",[]
"['thinspo', 'kpop thinspo', 'Red Velvet thinspo', 'Seulgi thinspo', 'bad boy thinspo']",[]
"['thinspo', 'kpop thinspo', 'Red Velvet thinspo', 'Seulgi thinspo', 'bad boy thinspo']",[]
"['thinspo', 'kpop thinspo', 'Red Velvet thinspo', 'Seulgi thinspo', 'bad boy thinspo']",[]
"['thinspiration', 'thinspo', 'kpop thinspo', 'miyeon g-idle']",[]
"['thinspiration', 'thinspo', 'kpop thinspo', 'yiren everglow']",[]
"['thinspiration', 'thinspo', 'kpop thinspo', 'yeji itzy']",[]
['kpop thinspo'],[]
"['thinspiration', 'thinspo', 'kpop thinspo', 'hani exid']",[]
"['thinspiration', 'thinspo', 'kpop thinspo', 'yiren everglow']",[]
"['thinspiration', 'thinspo', 'kpop thinspo', 'yeji itzy']",[]
"['kpop thinspo', 'proana', 'ed', 'starving', 'ana', 'promia', 'mia', 'thinspo', 'eating disorder', 'kpop ana']",[]
"['thinspiration', 'thinspo', 'jieun purple kiss', 'kpop thinspo']",[]
"['thinspiration', 'thinspo', 'yiren everglow', 'e:u everglow', 'kpop thinspo']",[]
"['thinspo', 'kpop thinspo', 'thinspi', 'thinspii', 'ed but not sheeran']",[]
"['somi', 'body goals', 'somi body', 'kpop thinspo', 'back thinspo', 'arm thinspo', 'kpop body goals']",[]
"['blackpink', 'blackpink lisa', 'kpop', 'kpop thinspo']",[]
"['thinspo', 'kpop thinspo', 'kpop girl thinspo']",[]
"['dreamcatcher', 'dreamcatcher yoohyeon', 'kpop', 'kpop thinspo']",[]
"['thinspo', 'not pro an4', 'weight loss', 'kpop', 'kpop thinspo', 'ed fast']",[]
"['kpop thinspo', 'thinspo', 'thinspii']",[]
"['somi', 'thinspo', 'body goals', 'kpop thinspo', 'abs thinspo', 'stomach thinspo', 'somi body']",[]
"['somi', 'somi body', 'thinspo', 'kpop thinspo', 'body goals', 'skinny', 'leg thinspo', 'tall thinspo', 'body inspo']",[]
"['irene', 'red velvet', 'kpop thinspo', 'red velvet thinspo']",[]
"['irene', 'red velvet', 'kpop thinspo', 'red velvet thinspo']",[]
"['joy thinspo', 'kpop thinspo', 'red velvet thinspo', 'thin', 'thinspii', 'thinsppi', 'lose weight', 'legspp0', 'legsp0', 'flat tummy', 'skinny', 'anamia']",[]
"['thinspo', 'kpop thinspo', 'Red Velvet thinspo', 'Seulgi thinspo', 'bad boy thinspo']",[]
"['thinspo', 'kpop thinspo', 'Red Velvet thinspo', 'Seulgi thinspo', 'bad boy thinspo']",[]
"['thinspo', 'kpop thinspo', 'Red Velvet thinspo', 'Seulgi thinspo', 'bad boy thinspo']",[]
"['thinspo', 'kpop thinspo', 'Red Velvet thinspo', 'Seulgi thinspo', 'bad boy thinspo']",[]
"['thinspo', 'kpop thinspo', 'Red Velvet thinspo', 'Seulgi thinspo', 'bad boy thinspo']",[]
"['thinspo', 'kpop thinspo', 'Red Velvet thinspo', 'Seulgi thinspo', 'bad boy thinspo']",[]
"['thinspo', 'kpop thinspo', 'Red Velvet thinspo', 'Seulgi thinspo', 'bad boy thinspo']",[]
"['thinspo', 'kpop thinspo', 'Red Velvet thinspo', 'Seulgi thinspo', 'bad boy thinspo']",[]
"['thinspo', 'kpop thinspo', 'Red Velvet thinspo', 'Seulgi thinspo', 'bad boy thinspo']",[]
"['thinspo', 'kpop thinspo', 'Red Velvet thinspo', 'Seulgi thinspo', 'bad boy thinspo']",[]
"['thinspo', 'kpop thinspo', 'Red Velvet thinspo', 'Seulgi thinspo', 'bad boy thinspo']",[]
"['thinspo', 'kpop thinspo', 'Red Velvet thinspo', 'Seulgi thinspo', 'bad boy thinspo']",[]
"['thinspo', 'kpop thinspo', 'Red Velvet thinspo', 'Seulgi thinspo', 'bad boy thinspo']",[]
"['thinspo', 'kpop thinspo', 'Red Velvet thinspo', 'Seulgi thinspo', 'bad boy thinspo']",[]
"['thinspo', 'kpop thinspo', 'Red Velvet thinspo', 'Seulgi thinspo', 'bad boy thinspo']",[]
"['thinspo', 'kpop thinspo', 'Red Velvet thinspo', 'Seulgi thinspo', 'bad boy thinspo']",[]
"['thinspo', 'kpop thinspo', 'Red Velvet thinspo', 'Seulgi thinspo', 'bad boy thinspo']",[]
"['thinspo', 'kpop thinspo', 'Red Velvet thinspo', 'Seulgi thinspo', 'bad boy thinspo']",[]
"['thinspo', 'kpop thinspo', 'Red Velvet thinspo', 'Seulgi thinspo', 'bad boy thinspo']",[]
"['thinspo', 'kpop thinspo', 'Red Velvet thinspo', 'Seulgi thinspo', 'bad boy thinspo']",[]
"['thinspo', 'kpop thinspo', 'Red Velvet thinspo', 'Seulgi thinspo', 'bad boy thinspo']",[]
"['thinspo', 'kpop thinspo', 'Red Velvet thinspo', 'Seulgi thinspo', 'bad boy thinspo']",[]
"['thinspo', 'kpop thinspo', 'Red Velvet thinspo', 'Seulgi thinspo', 'bad boy thinspo']",[]
"['thinspiration', 'thinspo', 'kpop thinspo', 'miyeon g-idle']",[]
"['thinspiration', 'thinspo', 'kpop thinspo', 'yiren everglow']",[]
"['thinspiration', 'thinspo', 'kpop thinspo', 'yeji itzy']",[]
['kpop thinspo'],[]
"['thinspiration', 'thinspo', 'kpop thinspo', 'hani exid']",[]
"['thinspiration', 'thinspo', 'kpop thinspo', 'yiren everglow']",[]
"['thinspiration', 'thinspo', 'kpop thinspo', 'yeji itzy']",[]
"['kpop thinspo', 'proana', 'ed', 'starving', 'ana', 'promia', 'mia', 'thinspo', 'eating disorder', 'kpop ana']",[]
"['thinspiration', 'thinspo', 'jieun purple kiss', 'kpop thinspo']",[]
"['thinspiration', 'thinspo', 'yiren everglow', 'e:u everglow', 'kpop thinspo']",[]
"['thinspo', 'kpop thinspo', 'thinspi', 'thinspii', 'ed but not sheeran']",[]
"['somi', 'body goals', 'somi body', 'kpop thinspo', 'back thinspo', 'arm thinspo', 'kpop body goals']",[]
"['blackpink', 'blackpink lisa', 'kpop', 'kpop thinspo']",[]
"['thinspo', 'kpop thinspo', 'kpop girl thinspo']",[]
"['dreamcatcher', 'dreamcatcher yoohyeon', 'kpop', 'kpop thinspo']",[]
"['thinspo', 'not pro an4', 'weight loss', 'kpop', 'kpop thinspo', 'ed fast']",[]
"['kpop thinspo', 'thinspo', 'thinspii']",[]
"['somi', 'thinspo', 'body goals', 'kpop thinspo', 'abs thinspo', 'stomach thinspo', 'somi body']",[]
"['somi', 'somi body', 'thinspo', 'kpop thinspo', 'body goals', 'skinny', 'leg thinspo', 'tall thinspo', 'body inspo']",[]
"['irene', 'red velvet', 'kpop thinspo', 'red velvet thinspo']",[]
"['irene', 'red velvet', 'kpop thinspo', 'red velvet thinspo']",[]
"['joy thinspo', 'kpop thinspo', 'red velvet thinspo', 'thin', 'thinspii', 'thinsppi', 'lose weight', 'legspp0', 'legsp0', 'flat tummy', 'skinny', 'anamia']",[]
"['thinspo', 'kpop thinspo', 'Red Velvet thinspo', 'Seulgi thinspo', 'bad boy thinspo']",[]
"['thinspo', 'kpop thinspo', 'Red Velvet thinspo', 'Seulgi thinspo', 'bad boy thinspo']",[]
"['thinspo', 'kpop thinspo', 'Red Velvet thinspo', 'Seulgi thinspo', 'bad boy thinspo']",[]
"['thinspo', 'kpop thinspo', 'Red Velvet thinspo', 'Seulgi thinspo', 'bad boy thinspo']",[]
"['thinspo', 'kpop thinspo', 'Red Velvet thinspo', 'Seulgi thinspo', 'bad boy thinspo']",[]
"['thinspo', 'kpop thinspo', 'Red Velvet thinspo', 'Seulgi thinspo', 'bad boy thinspo']",[]
"['thinspo', 'kpop thinspo', 'Red Velvet thinspo', 'Seulgi thinspo', 'bad boy thinspo']",[]
"['thinspo', 'kpop thinspo', 'Red Velvet thinspo', 'Seulgi thinspo', 'bad boy thinspo']",[]
"['thinspo', 'kpop thinspo', 'Red Velvet thinspo', 'Seulgi thinspo', 'bad boy thinspo']",[]
"['thinspo', 'kpop thinspo', 'Red Velvet thinspo', 'Seulgi thinspo', 'bad boy thinspo']",[]
"['thinspo', 'kpop thinspo', 'Red Velvet thinspo', 'Seulgi thinspo', 'bad boy thinspo']",[]
"['thinspo', 'kpop thinspo', 'Red Velvet thinspo', 'Seulgi thinspo', 'bad boy thinspo']",[]
"['thinspo', 'kpop thinspo', 'Red Velvet thinspo', 'Seulgi thinspo', 'bad boy thinspo']",[]
"['thinspo', 'kpop thinspo', 'Red Velvet thinspo', 'Seulgi thinspo', 'bad boy thinspo']",[]
"['thinspo', 'kpop thinspo', 'Red Velvet thinspo', 'Seulgi thinspo', 'bad boy thinspo']",[]
"['thinspo', 'kpop thinspo', 'Red Velvet thinspo', 'Seulgi thinspo', 'bad boy thinspo']",[]
"['thinspo', 'kpop thinspo', 'Red Velvet thinspo', 'Seulgi thinspo', 'bad boy thinspo']",[]
"['thinspo', 'kpop thinspo', 'Red Velvet thinspo', 'Seulgi thinspo', 'bad boy thinspo']",[]
"['thinspo', 'kpop thinspo', 'Red Velvet thinspo', 'Seulgi thinspo', 'bad boy thinspo']",[]
"['thinspo', 'kpop thinspo', 'Red Velvet thinspo', 'Seulgi thinspo', 'bad boy thinspo']",[]
"['thinspo', 'kpop thinspo', 'Red Velvet thinspo', 'Seulgi thinspo', 'bad boy thinspo']",[]
"['thinspo', 'kpop thinspo', 'Red Velvet thinspo', 'Seulgi thinspo', 'bad boy thinspo']",[]
"['thinspo', 'kpop thinspo', 'Red Velvet thinspo', 'Seulgi thinspo', 'bad boy thinspo']",[]
"['thinspiration', 'thinspo', 'kpop thinspo', 'miyeon g-idle']",[]
"['thinspiration', 'thinspo', 'kpop thinspo', 'yiren everglow']",[]
"['thinspiration', 'thinspo', 'kpop thinspo', 'yeji itzy']",[]
['kpop thinspo'],[]
"['thinspiration', 'thinspo', 'kpop thinspo', 'hani exid']",[]
"['thinspiration', 'thinspo', 'kpop thinspo', 'yiren everglow']",[]
"['thinspiration', 'thinspo', 'kpop thinspo', 'yeji itzy']",[]
"['kpop thinspo', 'proana', 'ed', 'starving', 'ana', 'promia', 'mia', 'thinspo', 'eating disorder', 'kpop ana']",[]
"['thinspiration', 'thinspo', 'jieun purple kiss', 'kpop thinspo']",[]
"['thinspiration', 'thinspo', 'yiren everglow', 'e:u everglow', 'kpop thinspo']",[]
"['thinspo', 'kpop thinspo', 'thinspi', 'thinspii', 'ed but not sheeran']",[]
"['somi', 'body goals', 'somi body', 'kpop thinspo', 'back thinspo', 'arm thinspo', 'kpop body goals']",[]
"['blackpink', 'blackpink lisa', 'kpop', 'kpop thinspo']",[]
"['thinspo', 'kpop thinspo', 'kpop girl thinspo']",[]
"['dreamcatcher', 'dreamcatcher yoohyeon', 'kpop', 'kpop thinspo']",[]
"['thinspo', 'not pro an4', 'weight loss', 'kpop', 'kpop thinspo', 'ed fast']",[]
"['kpop thinspo', 'thinspo', 'thinspii']",[]
"['somi', 'thinspo', 'body goals', 'kpop thinspo', 'abs thinspo', 'stomach thinspo', 'somi body']",[]
"['somi', 'somi body', 'thinspo', 'kpop thinspo', 'body goals', 'skinny', 'leg thinspo', 'tall thinspo', 'body inspo']",[]
"['irene', 'red velvet', 'kpop thinspo', 'red velvet thinspo']",[]
"['irene', 'red velvet', 'kpop thinspo', 'red velvet thinspo']",[]
"['joy thinspo', 'kpop thinspo', 'red velvet thinspo', 'thin', 'thinspii', 'thinsppi', 'lose weight', 'legspp0', 'legsp0', 'flat tummy', 'skinny', 'anamia']",[]
"['thinspo', 'kpop thinspo', 'Red Velvet thinspo', 'Seulgi thinspo', 'bad boy thinspo']",[]
"['thinspo', 'kpop thinspo', 'Red Velvet thinspo', 'Seulgi thinspo', 'bad boy thinspo']",[]
"['thinspo', 'kpop thinspo', 'Red Velvet thinspo', 'Seulgi thinspo', 'bad boy thinspo']",[]
"['thinspo', 'kpop thinspo', 'Red Velvet thinspo', 'Seulgi thinspo', 'bad boy thinspo']",[]
"['thinspo', 'kpop thinspo', 'Red Velvet thinspo', 'Seulgi thinspo', 'bad boy thinspo']",[]
"['thinspo', 'kpop thinspo', 'Red Velvet thinspo', 'Seulgi thinspo', 'bad boy thinspo']",[]
"['thinspo', 'kpop thinspo', 'Red Velvet thinspo', 'Seulgi thinspo', 'bad boy thinspo']",[]
"['thinspo', 'kpop thinspo', 'Red Velvet thinspo', 'Seulgi thinspo', 'bad boy thinspo']",[]
"['thinspo', 'kpop thinspo', 'Red Velvet thinspo', 'Seulgi thinspo', 'bad boy thinspo']",[]
"['thinspo', 'kpop thinspo', 'Red Velvet thinspo', 'Seulgi thinspo', 'bad boy thinspo']",[]
"['thinspo', 'kpop thinspo', 'Red Velvet thinspo', 'Seulgi thinspo', 'bad boy thinspo']",[]
"['thinspo', 'kpop thinspo', 'Red Velvet thinspo', 'Seulgi thinspo', 'bad boy thinspo']",[]
"['thinspo', 'kpop thinspo', 'Red Velvet thinspo', 'Seulgi thinspo', 'bad boy thinspo']",[]
"['thinspo', 'kpop thinspo', 'Red Velvet thinspo', 'Seulgi thinspo', 'bad boy thinspo']",[]
"['thinspo', 'kpop thinspo', 'Red Velvet thinspo', 'Seulgi thinspo', 'bad boy thinspo']",[]
"['thinspo', 'kpop thinspo', 'Red Velvet thinspo', 'Seulgi thinspo', 'bad boy thinspo']",[]
"['thinspo', 'kpop thinspo', 'Red Velvet thinspo', 'Seulgi thinspo', 'bad boy thinspo']",[]
"['thinspo', 'kpop thinspo', 'Red Velvet thinspo', 'Seulgi thinspo', 'bad boy thinspo']",[]
"['thinspo', 'kpop thinspo', 'Red Velvet thinspo', 'Seulgi thinspo', 'bad boy thinspo']",[]
"['thinspo', 'kpop thinspo', 'Red Velvet thinspo', 'Seulgi thinspo', 'bad boy thinspo']",[]
"['thinspo', 'kpop thinspo', 'Red Velvet thinspo', 'Seulgi thinspo', 'bad boy thinspo']",[]
"['thinspo', 'kpop thinspo', 'Red Velvet thinspo', 'Seulgi thinspo', 'bad boy thinspo']",[]
"['thinspo', 'kpop thinspo', 'Red Velvet thinspo', 'Seulgi thinspo', 'bad boy thinspo']",[]
"['thinspiration', 'thinspo', 'kpop thinspo', 'miyeon g-idle']",[]
"['thinspiration', 'thinspo', 'kpop thinspo', 'yiren everglow']",[]
"['thinspiration', 'thinspo', 'kpop thinspo', 'yeji itzy']",[]
['kpop thinspo'],[]
"['thinspiration', 'thinspo', 'kpop thinspo', 'hani exid']",[]
"['thinspiration', 'thinspo', 'kpop thinspo', 'yiren everglow']",[]
"['thinspiration', 'thinspo', 'kpop thinspo', 'yeji itzy']",[]
"['kpop thinspo', 'proana', 'ed', 'starving', 'ana', 'promia', 'mia', 'thinspo', 'eating disorder', 'kpop ana']",[]
"['thinspiration', 'thinspo', 'jieun purple kiss', 'kpop thinspo']",[]
"['thinspiration', 'thinspo', 'yiren everglow', 'e:u everglow', 'kpop thinspo']",[]
"['thinspo', 'kpop thinspo', 'thinspi', 'thinspii', 'ed but not sheeran']",[]
"['somi', 'body goals', 'somi body', 'kpop thinspo', 'back thinspo', 'arm thinspo', 'kpop body goals']",[]
"['blackpink', 'blackpink lisa', 'kpop', 'kpop thinspo']",[]
"['thinspo', 'kpop thinspo', 'kpop girl thinspo']",[]
"['dreamcatcher', 'dreamcatcher yoohyeon', 'kpop', 'kpop thinspo']",[]
"['thinspo', 'not pro an4', 'weight loss', 'kpop', 'kpop thinspo', 'ed fast']",[]
"['kpop thinspo', 'thinspo', 'thinspii']",[]
"['somi', 'thinspo', 'body goals', 'kpop thinspo', 'abs thinspo', 'stomach thinspo', 'somi body']",[]
"['somi', 'somi body', 'thinspo', 'kpop thinspo', 'body goals', 'skinny', 'leg thinspo', 'tall thinspo', 'body inspo']",[]
"['irene', 'red velvet', 'kpop thinspo', 'red velvet thinspo']",[]
"['irene', 'red velvet', 'kpop thinspo', 'red velvet thinspo']",[]
"['joy thinspo', 'kpop thinspo', 'red velvet thinspo', 'thin', 'thinspii', 'thinsppi', 'lose weight', 'legspp0', 'legsp0', 'flat tummy', 'skinny', 'anamia']",[]
"['thinspo', 'kpop thinspo', 'Red Velvet thinspo', 'Seulgi thinspo', 'bad boy thinspo']",[]
"['thinspo', 'kpop thinspo', 'Red Velvet thinspo', 'Seulgi thinspo', 'bad boy thinspo']",[]
"['thinspo', 'kpop thinspo', 'Red Velvet thinspo', 'Seulgi thinspo', 'bad boy thinspo']",[]
"['thinspo', 'kpop thinspo', 'Red Velvet thinspo', 'Seulgi thinspo', 'bad boy thinspo']",[]
"['thinspo', 'kpop thinspo', 'Red Velvet thinspo', 'Seulgi thinspo', 'bad boy thinspo']",[]
"['thinspo', 'kpop thinspo', 'Red Velvet thinspo', 'Seulgi thinspo', 'bad boy thinspo']",[]
"['thinspo', 'kpop thinspo', 'Red Velvet thinspo', 'Seulgi thinspo', 'bad boy thinspo']",[]
"['thinspo', 'kpop thinspo', 'Red Velvet thinspo', 'Seulgi thinspo', 'bad boy thinspo']",[]
"['thinspo', 'kpop thinspo', 'Red Velvet thinspo', 'Seulgi thinspo', 'bad boy thinspo']",[]
"['thinspo', 'kpop thinspo', 'Red Velvet thinspo', 'Seulgi thinspo', 'bad boy thinspo']",[]
"['thinspo', 'kpop thinspo', 'Red Velvet thinspo', 'Seulgi thinspo', 'bad boy thinspo']",[]
"['thinspo', 'kpop thinspo', 'Red Velvet thinspo', 'Seulgi thinspo', 'bad boy thinspo']",[]
"['thinspo', 'kpop thinspo', 'Red Velvet thinspo', 'Seulgi thinspo', 'bad boy thinspo']",[]
"['thinspo', 'kpop thinspo', 'Red Velvet thinspo', 'Seulgi thinspo', 'bad boy thinspo']",[]
"['thinspo', 'kpop thinspo', 'Red Velvet thinspo', 'Seulgi thinspo', 'bad boy thinspo']",[]
"['thinspo', 'kpop thinspo', 'Red Velvet thinspo', 'Seulgi thinspo', 'bad boy thinspo']",[]
"['thinspo', 'kpop thinspo', 'Red Velvet thinspo', 'Seulgi thinspo', 'bad boy thinspo']",[]
"['thinspo', 'kpop thinspo', 'Red Velvet thinspo', 'Seulgi thinspo', 'bad boy thinspo']",[]
"['thinspo', 'kpop thinspo', 'Red Velvet thinspo', 'Seulgi thinspo', 'bad boy thinspo']",[]
"['thinspo', 'kpop thinspo', 'Red Velvet thinspo', 'Seulgi thinspo', 'bad boy thinspo']",[]
"['thinspo', 'kpop thinspo', 'Red Velvet thinspo', 'Seulgi thinspo', 'bad boy thinspo']",[]
"['thinspo', 'kpop thinspo', 'Red Velvet thinspo', 'Seulgi thinspo', 'bad boy thinspo']",[]
"['thinspo', 'kpop thinspo', 'Red Velvet thinspo', 'Seulgi thinspo', 'bad boy thinspo']",[]
