"['ed', 'edtrigger', 'ana', 'pro ana', 'not pro just tags', 'low cal ana', 'low cal restriction']",[]
"['male thinpo', 'not pro just tags', 'not pro just me', 'sk1nn1', 'i will be sk1nny', 'anna', 'pro 4na', '4na diary', '4na thoughts']",[]
"['not pro just tags', '4na tw', '4na blog', 'pro 4na']",[]
"['anamia', 'ana trigger', 'not pro just tags', 'bullimia', 'not pro', 'promia', '4n4 thoughts', '4n4 vent', 'tw 4n4', '@n0r3x1a', 'i wanna be sk1nny', 'tw 3d', 'tw ed vent', 'pcosweightloss', 'weightloss', 'pcos diet']",[]
"['anorexia', 'anamia', 'not pro just tags', 'pro ana tips', 'ed', 'pro ana', 'skinny', 'thinspi', 'thinspiration', 'thinspo', '4norexic', 'ana boot camp', 'bulimia', '4na blog', 'ed diet', 'eating disorder']",['You are sick stop please']
"['not pro just tags', 'chudniemy', 'odchudzamyiwspieramy', 'odchudzanie', 'chude rece', 'chudniecie', 'chude nogi', 'chude wakacje', 'pamietnik', 'chudosc']","['@lekkotakworld dziękuję!', 'Wow gratulacje! Teraz czas na zasłużony odpoczynek']"
"['anarecja', 'ana relatable', 'anamia', 'not pro just tags', 'not pr0 just for myself', 'pro ana', 'pro 4ana', '4n4rexia']",[]
"['anorexia', 'not pro just tags', 'anamia', 'eating disoder recovery', 'pro ana', 'ed', 'skinny', 'thinspi', 'thinspo', 'thinspiration', '4norexi4', '4norexic', 'healthy eating']",[]
"['anamia', 'ana trigger', 'not pro just tags', 'bullimia', 'not pro', 'promia', '4n4 thoughts', '4n4 vent', 'tw 4n4', '@n0r3x1a', 'i wanna be sk1nny', 'tw 3d', 'tw ed vent']",[]
"['ed', 'pro ana tips', 'ana', 'not pro just tags', 'anamia', 'ed diet', 'eating disoder recovery', 'anorexia']",[]
"['pro ana', 'pro 4na', 'not pro just tags', 'not pr0 just for myself', 'anamia', '4n4rexia']",[]
