"['notprojusttags', 'notprojustusingthetags', 'tw ana thoughts', 'anarecyx', 'tw ed thoughts', 'tw ed vent', 'tw ed diet', '4na tw', 'tw eating issues']",[]
"['notprojustusingthetags', 'not pr0 just for myself', 'thinspo', 'thinsperation', 'thin$po', 'thin$p0', 'low cal meal', 'lowrestriction', 'fasting']",[]
"['4n0r3x14', '4na tw', 'ana trigger', 'not pr0 just for myself', 'notprojustusingthetags', 'pr0 @na', 'pr0 ana diary', 'pro 4na', 'ed diet', 'trans ana']",[]
"['notprojustusingthetags', 'tw edd', 'anor3x14', 'pr0 ana diary', 'bonespr0', 'ed but not sheeran', 'ed vent', '4n0r3x14', 'not pr0 4na', 'tw ana thoughts', 'ana trigger', 'weight loss help', 'help plz', 'mental illness']",[]
"['ed relapse', 'notprojustusingthetags', '4na tw', 'not pr0 4na', '4na blog', 'pr0 ana diary', 'tw ed diet', '4n0r3x14', 'ana trigger', 'ed diet']",[]
"['tw ed vent', 'th1n$po', 'th1nn', 'notprojustusingthetags', 'sk1nny', 'b0nespo', 'tw ed relapse', 'pr0 ana diary', 'tw ana thoughts', 'tw 3d']",[]
"['notprojustusingthetags', 'notpro', 'thinspo', 'meanspo', 'anorexia', 'anorexic', 'bulimia', 'bulimic', 'ed']",[]
"['tw ed rant', 'tw ed vent', 'not pro ana', 'not pr0 just for myself', 'notprojustusingthetags', 'pro 4na', 'th1n$po', '4n0r3x14', '4na blog', '4na thoughts', 'pro 4 me not 4 thee', 'i wish i was thinner']",[]
"['personal', 'notprojustusingthetags', 'thinspo']",[]
"['notprojusttags', 'notprojustusingthetags', 'tw ana thoughts', 'anarecyx', 'tw ed thoughts', 'tw ed vent', 'tw ed diet', '4na tw', 'tw eating issues']",[]
"['notprojustusingthetags', 'not pr0 just for myself', 'thinspo', 'thinsperation', 'thin$po', 'thin$p0', 'low cal meal', 'lowrestriction', 'fasting']",[]
"['4n0r3x14', '4na tw', 'ana trigger', 'not pr0 just for myself', 'notprojustusingthetags', 'pr0 @na', 'pr0 ana diary', 'pro 4na', 'ed diet', 'trans ana']",[]
"['notprojustusingthetags', 'tw edd', 'anor3x14', 'pr0 ana diary', 'bonespr0', 'ed but not sheeran', 'ed vent', '4n0r3x14', 'not pr0 4na', 'tw ana thoughts', 'ana trigger', 'weight loss help', 'help plz', 'mental illness']",[]
"['ed relapse', 'notprojustusingthetags', '4na tw', 'not pr0 4na', '4na blog', 'pr0 ana diary', 'tw ed diet', '4n0r3x14', 'ana trigger', 'ed diet']",[]
"['tw ed vent', 'th1n$po', 'th1nn', 'notprojustusingthetags', 'sk1nny', 'b0nespo', 'tw ed relapse', 'pr0 ana diary', 'tw ana thoughts', 'tw 3d']",[]
"['notprojustusingthetags', 'notpro', 'thinspo', 'meanspo', 'anorexia', 'anorexic', 'bulimia', 'bulimic', 'ed']",[]
"['tw ed rant', 'tw ed vent', 'not pro ana', 'not pr0 just for myself', 'notprojustusingthetags', 'pro 4na', 'th1n$po', '4n0r3x14', '4na blog', '4na thoughts', 'pro 4 me not 4 thee', 'i wish i was thinner']",[]
"['personal', 'notprojustusingthetags', 'thinspo']",[]
"['notprojusttags', 'notprojustusingthetags', 'tw ana thoughts', 'anarecyx', 'tw ed thoughts', 'tw ed vent', 'tw ed diet', '4na tw', 'tw eating issues']",[]
"['notprojustusingthetags', 'not pr0 just for myself', 'thinspo', 'thinsperation', 'thin$po', 'thin$p0', 'low cal meal', 'lowrestriction', 'fasting']",[]
"['4n0r3x14', '4na tw', 'ana trigger', 'not pr0 just for myself', 'notprojustusingthetags', 'pr0 @na', 'pr0 ana diary', 'pro 4na', 'ed diet', 'trans ana']",[]
"['notprojustusingthetags', 'tw edd', 'anor3x14', 'pr0 ana diary', 'bonespr0', 'ed but not sheeran', 'ed vent', '4n0r3x14', 'not pr0 4na', 'tw ana thoughts', 'ana trigger', 'weight loss help', 'help plz', 'mental illness']",[]
"['ed relapse', 'notprojustusingthetags', '4na tw', 'not pr0 4na', '4na blog', 'pr0 ana diary', 'tw ed diet', '4n0r3x14', 'ana trigger', 'ed diet']",[]
"['tw ed vent', 'th1n$po', 'th1nn', 'notprojustusingthetags', 'sk1nny', 'b0nespo', 'tw ed relapse', 'pr0 ana diary', 'tw ana thoughts', 'tw 3d']",[]
"['notprojustusingthetags', 'notpro', 'thinspo', 'meanspo', 'anorexia', 'anorexic', 'bulimia', 'bulimic', 'ed']",[]
"['tw ed rant', 'tw ed vent', 'not pro ana', 'not pr0 just for myself', 'notprojustusingthetags', 'pro 4na', 'th1n$po', '4n0r3x14', '4na blog', '4na thoughts', 'pro 4 me not 4 thee', 'i wish i was thinner']",[]
"['personal', 'notprojustusingthetags', 'thinspo']",[]
"['notprojusttags', 'notprojustusingthetags', 'tw ana thoughts', 'anarecyx', 'tw ed thoughts', 'tw ed vent', 'tw ed diet', '4na tw', 'tw eating issues']",[]
"['notprojustusingthetags', 'not pr0 just for myself', 'thinspo', 'thinsperation', 'thin$po', 'thin$p0', 'low cal meal', 'lowrestriction', 'fasting']",[]
"['4n0r3x14', '4na tw', 'ana trigger', 'not pr0 just for myself', 'notprojustusingthetags', 'pr0 @na', 'pr0 ana diary', 'pro 4na', 'ed diet', 'trans ana']",[]
"['notprojustusingthetags', 'tw edd', 'anor3x14', 'pr0 ana diary', 'bonespr0', 'ed but not sheeran', 'ed vent', '4n0r3x14', 'not pr0 4na', 'tw ana thoughts', 'ana trigger', 'weight loss help', 'help plz', 'mental illness']",[]
"['ed relapse', 'notprojustusingthetags', '4na tw', 'not pr0 4na', '4na blog', 'pr0 ana diary', 'tw ed diet', '4n0r3x14', 'ana trigger', 'ed diet']",[]
"['tw ed vent', 'th1n$po', 'th1nn', 'notprojustusingthetags', 'sk1nny', 'b0nespo', 'tw ed relapse', 'pr0 ana diary', 'tw ana thoughts', 'tw 3d']",[]
"['notprojustusingthetags', 'notpro', 'thinspo', 'meanspo', 'anorexia', 'anorexic', 'bulimia', 'bulimic', 'ed']",[]
"['tw ed rant', 'tw ed vent', 'not pro ana', 'not pr0 just for myself', 'notprojustusingthetags', 'pro 4na', 'th1n$po', '4n0r3x14', '4na blog', '4na thoughts', 'pro 4 me not 4 thee', 'i wish i was thinner']",[]
"['personal', 'notprojustusingthetags', 'thinspo']",[]
"['notprojusttags', 'notprojustusingthetags', 'tw ana thoughts', 'anarecyx', 'tw ed thoughts', 'tw ed vent', 'tw ed diet', '4na tw', 'tw eating issues']",[]
"['notprojustusingthetags', 'not pr0 just for myself', 'thinspo', 'thinsperation', 'thin$po', 'thin$p0', 'low cal meal', 'lowrestriction', 'fasting']",[]
"['4n0r3x14', '4na tw', 'ana trigger', 'not pr0 just for myself', 'notprojustusingthetags', 'pr0 @na', 'pr0 ana diary', 'pro 4na', 'ed diet', 'trans ana']",[]
"['notprojustusingthetags', 'tw edd', 'anor3x14', 'pr0 ana diary', 'bonespr0', 'ed but not sheeran', 'ed vent', '4n0r3x14', 'not pr0 4na', 'tw ana thoughts', 'ana trigger', 'weight loss help', 'help plz', 'mental illness']",[]
"['ed relapse', 'notprojustusingthetags', '4na tw', 'not pr0 4na', '4na blog', 'pr0 ana diary', 'tw ed diet', '4n0r3x14', 'ana trigger', 'ed diet']",[]
"['tw ed vent', 'th1n$po', 'th1nn', 'notprojustusingthetags', 'sk1nny', 'b0nespo', 'tw ed relapse', 'pr0 ana diary', 'tw ana thoughts', 'tw 3d']",[]
"['notprojustusingthetags', 'notpro', 'thinspo', 'meanspo', 'anorexia', 'anorexic', 'bulimia', 'bulimic', 'ed']",[]
"['tw ed rant', 'tw ed vent', 'not pro ana', 'not pr0 just for myself', 'notprojustusingthetags', 'pro 4na', 'th1n$po', '4n0r3x14', '4na blog', '4na thoughts', 'pro 4 me not 4 thee', 'i wish i was thinner']",[]
"['personal', 'notprojustusingthetags', 'thinspo']",[]
"['notprojusttags', 'notprojustusingthetags', 'tw ana thoughts', 'anarecyx', 'tw ed thoughts', 'tw ed vent', 'tw ed diet', '4na tw', 'tw eating issues']",[]
"['notprojustusingthetags', 'not pr0 just for myself', 'thinspo', 'thinsperation', 'thin$po', 'thin$p0', 'low cal meal', 'lowrestriction', 'fasting']",[]
"['4n0r3x14', '4na tw', 'ana trigger', 'not pr0 just for myself', 'notprojustusingthetags', 'pr0 @na', 'pr0 ana diary', 'pro 4na', 'ed diet', 'trans ana']",[]
"['notprojustusingthetags', 'tw edd', 'anor3x14', 'pr0 ana diary', 'bonespr0', 'ed but not sheeran', 'ed vent', '4n0r3x14', 'not pr0 4na', 'tw ana thoughts', 'ana trigger', 'weight loss help', 'help plz', 'mental illness']",[]
"['ed relapse', 'notprojustusingthetags', '4na tw', 'not pr0 4na', '4na blog', 'pr0 ana diary', 'tw ed diet', '4n0r3x14', 'ana trigger', 'ed diet']",[]
"['tw ed vent', 'th1n$po', 'th1nn', 'notprojustusingthetags', 'sk1nny', 'b0nespo', 'tw ed relapse', 'pr0 ana diary', 'tw ana thoughts', 'tw 3d']",[]
"['notprojustusingthetags', 'notpro', 'thinspo', 'meanspo', 'anorexia', 'anorexic', 'bulimia', 'bulimic', 'ed']",[]
"['tw ed rant', 'tw ed vent', 'not pro ana', 'not pr0 just for myself', 'notprojustusingthetags', 'pro 4na', 'th1n$po', '4n0r3x14', '4na blog', '4na thoughts', 'pro 4 me not 4 thee', 'i wish i was thinner']",[]
"['personal', 'notprojustusingthetags', 'thinspo']",[]
"['notprojusttags', 'notprojustusingthetags', 'tw ana thoughts', 'anarecyx', 'tw ed thoughts', 'tw ed vent', 'tw ed diet', '4na tw', 'tw eating issues']",[]
"['notprojustusingthetags', 'not pr0 just for myself', 'thinspo', 'thinsperation', 'thin$po', 'thin$p0', 'low cal meal', 'lowrestriction', 'fasting']",[]
"['4n0r3x14', '4na tw', 'ana trigger', 'not pr0 just for myself', 'notprojustusingthetags', 'pr0 @na', 'pr0 ana diary', 'pro 4na', 'ed diet', 'trans ana']",[]
"['notprojustusingthetags', 'tw edd', 'anor3x14', 'pr0 ana diary', 'bonespr0', 'ed but not sheeran', 'ed vent', '4n0r3x14', 'not pr0 4na', 'tw ana thoughts', 'ana trigger', 'weight loss help', 'help plz', 'mental illness']",[]
"['ed relapse', 'notprojustusingthetags', '4na tw', 'not pr0 4na', '4na blog', 'pr0 ana diary', 'tw ed diet', '4n0r3x14', 'ana trigger', 'ed diet']",[]
"['tw ed vent', 'th1n$po', 'th1nn', 'notprojustusingthetags', 'sk1nny', 'b0nespo', 'tw ed relapse', 'pr0 ana diary', 'tw ana thoughts', 'tw 3d']",[]
"['notprojustusingthetags', 'notpro', 'thinspo', 'meanspo', 'anorexia', 'anorexic', 'bulimia', 'bulimic', 'ed']",[]
"['tw ed rant', 'tw ed vent', 'not pro ana', 'not pr0 just for myself', 'notprojustusingthetags', 'pro 4na', 'th1n$po', '4n0r3x14', '4na blog', '4na thoughts', 'pro 4 me not 4 thee', 'i wish i was thinner']",[]
"['personal', 'notprojustusingthetags', 'thinspo']",[]
"['notprojusttags', 'notprojustusingthetags', 'tw ana thoughts', 'anarecyx', 'tw ed thoughts', 'tw ed vent', 'tw ed diet', '4na tw', 'tw eating issues']",[]
"['notprojustusingthetags', 'not pr0 just for myself', 'thinspo', 'thinsperation', 'thin$po', 'thin$p0', 'low cal meal', 'lowrestriction', 'fasting']",[]
"['4n0r3x14', '4na tw', 'ana trigger', 'not pr0 just for myself', 'notprojustusingthetags', 'pr0 @na', 'pr0 ana diary', 'pro 4na', 'ed diet', 'trans ana']",[]
"['notprojustusingthetags', 'tw edd', 'anor3x14', 'pr0 ana diary', 'bonespr0', 'ed but not sheeran', 'ed vent', '4n0r3x14', 'not pr0 4na', 'tw ana thoughts', 'ana trigger', 'weight loss help', 'help plz', 'mental illness']",[]
"['ed relapse', 'notprojustusingthetags', '4na tw', 'not pr0 4na', '4na blog', 'pr0 ana diary', 'tw ed diet', '4n0r3x14', 'ana trigger', 'ed diet']",[]
"['tw ed vent', 'th1n$po', 'th1nn', 'notprojustusingthetags', 'sk1nny', 'b0nespo', 'tw ed relapse', 'pr0 ana diary', 'tw ana thoughts', 'tw 3d']",[]
"['notprojustusingthetags', 'notpro', 'thinspo', 'meanspo', 'anorexia', 'anorexic', 'bulimia', 'bulimic', 'ed']",[]
"['tw ed rant', 'tw ed vent', 'not pro ana', 'not pr0 just for myself', 'notprojustusingthetags', 'pro 4na', 'th1n$po', '4n0r3x14', '4na blog', '4na thoughts', 'pro 4 me not 4 thee', 'i wish i was thinner']",[]
"['personal', 'notprojustusingthetags', 'thinspo']",[]
"['notprojusttags', 'notprojustusingthetags', 'tw ana thoughts', 'anarecyx', 'tw ed thoughts', 'tw ed vent', 'tw ed diet', '4na tw', 'tw eating issues']",[]
"['notprojustusingthetags', 'not pr0 just for myself', 'thinspo', 'thinsperation', 'thin$po', 'thin$p0', 'low cal meal', 'lowrestriction', 'fasting']",[]
"['4n0r3x14', '4na tw', 'ana trigger', 'not pr0 just for myself', 'notprojustusingthetags', 'pr0 @na', 'pr0 ana diary', 'pro 4na', 'ed diet', 'trans ana']",[]
"['notprojustusingthetags', 'tw edd', 'anor3x14', 'pr0 ana diary', 'bonespr0', 'ed but not sheeran', 'ed vent', '4n0r3x14', 'not pr0 4na', 'tw ana thoughts', 'ana trigger', 'weight loss help', 'help plz', 'mental illness']",[]
"['ed relapse', 'notprojustusingthetags', '4na tw', 'not pr0 4na', '4na blog', 'pr0 ana diary', 'tw ed diet', '4n0r3x14', 'ana trigger', 'ed diet']",[]
"['tw ed vent', 'th1n$po', 'th1nn', 'notprojustusingthetags', 'sk1nny', 'b0nespo', 'tw ed relapse', 'pr0 ana diary', 'tw ana thoughts', 'tw 3d']",[]
"['notprojustusingthetags', 'notpro', 'thinspo', 'meanspo', 'anorexia', 'anorexic', 'bulimia', 'bulimic', 'ed']",[]
"['tw ed rant', 'tw ed vent', 'not pro ana', 'not pr0 just for myself', 'notprojustusingthetags', 'pro 4na', 'th1n$po', '4n0r3x14', '4na blog', '4na thoughts', 'pro 4 me not 4 thee', 'i wish i was thinner']",[]
"['personal', 'notprojustusingthetags', 'thinspo']",[]
"['notprojusttags', 'notprojustusingthetags', 'tw ana thoughts', 'anarecyx', 'tw ed thoughts', 'tw ed vent', 'tw ed diet', '4na tw', 'tw eating issues']",[]
"['notprojustusingthetags', 'not pr0 just for myself', 'thinspo', 'thinsperation', 'thin$po', 'thin$p0', 'low cal meal', 'lowrestriction', 'fasting']",[]
"['4n0r3x14', '4na tw', 'ana trigger', 'not pr0 just for myself', 'notprojustusingthetags', 'pr0 @na', 'pr0 ana diary', 'pro 4na', 'ed diet', 'trans ana']",[]
"['notprojustusingthetags', 'tw edd', 'anor3x14', 'pr0 ana diary', 'bonespr0', 'ed but not sheeran', 'ed vent', '4n0r3x14', 'not pr0 4na', 'tw ana thoughts', 'ana trigger', 'weight loss help', 'help plz', 'mental illness']",[]
"['ed relapse', 'notprojustusingthetags', '4na tw', 'not pr0 4na', '4na blog', 'pr0 ana diary', 'tw ed diet', '4n0r3x14', 'ana trigger', 'ed diet']",[]
"['tw ed vent', 'th1n$po', 'th1nn', 'notprojustusingthetags', 'sk1nny', 'b0nespo', 'tw ed relapse', 'pr0 ana diary', 'tw ana thoughts', 'tw 3d']",[]
"['notprojustusingthetags', 'notpro', 'thinspo', 'meanspo', 'anorexia', 'anorexic', 'bulimia', 'bulimic', 'ed']",[]
"['tw ed rant', 'tw ed vent', 'not pro ana', 'not pr0 just for myself', 'notprojustusingthetags', 'pro 4na', 'th1n$po', '4n0r3x14', '4na blog', '4na thoughts', 'pro 4 me not 4 thee', 'i wish i was thinner']",[]
"['personal', 'notprojustusingthetags', 'thinspo']",[]
"['notprojusttags', 'notprojustusingthetags', 'tw ana thoughts', 'anarecyx', 'tw ed thoughts', 'tw ed vent', 'tw ed diet', '4na tw', 'tw eating issues']",[]
"['notprojustusingthetags', 'not pr0 just for myself', 'thinspo', 'thinsperation', 'thin$po', 'thin$p0', 'low cal meal', 'lowrestriction', 'fasting']",[]
"['4n0r3x14', '4na tw', 'ana trigger', 'not pr0 just for myself', 'notprojustusingthetags', 'pr0 @na', 'pr0 ana diary', 'pro 4na', 'ed diet', 'trans ana']",[]
"['notprojustusingthetags', 'tw edd', 'anor3x14', 'pr0 ana diary', 'bonespr0', 'ed but not sheeran', 'ed vent', '4n0r3x14', 'not pr0 4na', 'tw ana thoughts', 'ana trigger', 'weight loss help', 'help plz', 'mental illness']",[]
"['ed relapse', 'notprojustusingthetags', '4na tw', 'not pr0 4na', '4na blog', 'pr0 ana diary', 'tw ed diet', '4n0r3x14', 'ana trigger', 'ed diet']",[]
"['tw ed vent', 'th1n$po', 'th1nn', 'notprojustusingthetags', 'sk1nny', 'b0nespo', 'tw ed relapse', 'pr0 ana diary', 'tw ana thoughts', 'tw 3d']",[]
"['notprojustusingthetags', 'notpro', 'thinspo', 'meanspo', 'anorexia', 'anorexic', 'bulimia', 'bulimic', 'ed']",[]
"['tw ed rant', 'tw ed vent', 'not pro ana', 'not pr0 just for myself', 'notprojustusingthetags', 'pro 4na', 'th1n$po', '4n0r3x14', '4na blog', '4na thoughts', 'pro 4 me not 4 thee', 'i wish i was thinner']",[]
"['personal', 'notprojustusingthetags', 'thinspo']",[]
"['notprojusttags', 'notprojustusingthetags', 'tw ana thoughts', 'anarecyx', 'tw ed thoughts', 'tw ed vent', 'tw ed diet', '4na tw', 'tw eating issues']",[]
"['notprojustusingthetags', 'not pr0 just for myself', 'thinspo', 'thinsperation', 'thin$po', 'thin$p0', 'low cal meal', 'lowrestriction', 'fasting']",[]
"['4n0r3x14', '4na tw', 'ana trigger', 'not pr0 just for myself', 'notprojustusingthetags', 'pr0 @na', 'pr0 ana diary', 'pro 4na', 'ed diet', 'trans ana']",[]
"['notprojustusingthetags', 'tw edd', 'anor3x14', 'pr0 ana diary', 'bonespr0', 'ed but not sheeran', 'ed vent', '4n0r3x14', 'not pr0 4na', 'tw ana thoughts', 'ana trigger', 'weight loss help', 'help plz', 'mental illness']",[]
"['ed relapse', 'notprojustusingthetags', '4na tw', 'not pr0 4na', '4na blog', 'pr0 ana diary', 'tw ed diet', '4n0r3x14', 'ana trigger', 'ed diet']",[]
"['tw ed vent', 'th1n$po', 'th1nn', 'notprojustusingthetags', 'sk1nny', 'b0nespo', 'tw ed relapse', 'pr0 ana diary', 'tw ana thoughts', 'tw 3d']",[]
"['notprojustusingthetags', 'notpro', 'thinspo', 'meanspo', 'anorexia', 'anorexic', 'bulimia', 'bulimic', 'ed']",[]
"['tw ed rant', 'tw ed vent', 'not pro ana', 'not pr0 just for myself', 'notprojustusingthetags', 'pro 4na', 'th1n$po', '4n0r3x14', '4na blog', '4na thoughts', 'pro 4 me not 4 thee', 'i wish i was thinner']",[]
"['personal', 'notprojustusingthetags', 'thinspo']",[]
"['notprojusttags', 'notprojustusingthetags', 'tw ana thoughts', 'anarecyx', 'tw ed thoughts', 'tw ed vent', 'tw ed diet', '4na tw', 'tw eating issues']",[]
"['notprojustusingthetags', 'not pr0 just for myself', 'thinspo', 'thinsperation', 'thin$po', 'thin$p0', 'low cal meal', 'lowrestriction', 'fasting']",[]
"['4n0r3x14', '4na tw', 'ana trigger', 'not pr0 just for myself', 'notprojustusingthetags', 'pr0 @na', 'pr0 ana diary', 'pro 4na', 'ed diet', 'trans ana']",[]
"['notprojustusingthetags', 'tw edd', 'anor3x14', 'pr0 ana diary', 'bonespr0', 'ed but not sheeran', 'ed vent', '4n0r3x14', 'not pr0 4na', 'tw ana thoughts', 'ana trigger', 'weight loss help', 'help plz', 'mental illness']",[]
"['ed relapse', 'notprojustusingthetags', '4na tw', 'not pr0 4na', '4na blog', 'pr0 ana diary', 'tw ed diet', '4n0r3x14', 'ana trigger', 'ed diet']",[]
"['tw ed vent', 'th1n$po', 'th1nn', 'notprojustusingthetags', 'sk1nny', 'b0nespo', 'tw ed relapse', 'pr0 ana diary', 'tw ana thoughts', 'tw 3d']",[]
"['notprojustusingthetags', 'notpro', 'thinspo', 'meanspo', 'anorexia', 'anorexic', 'bulimia', 'bulimic', 'ed']",[]
"['tw ed rant', 'tw ed vent', 'not pro ana', 'not pr0 just for myself', 'notprojustusingthetags', 'pro 4na', 'th1n$po', '4n0r3x14', '4na blog', '4na thoughts', 'pro 4 me not 4 thee', 'i wish i was thinner']",[]
"['personal', 'notprojustusingthetags', 'thinspo']",[]
"['notprojusttags', 'notprojustusingthetags', 'tw ana thoughts', 'anarecyx', 'tw ed thoughts', 'tw ed vent', 'tw ed diet', '4na tw', 'tw eating issues']",[]
"['notprojustusingthetags', 'not pr0 just for myself', 'thinspo', 'thinsperation', 'thin$po', 'thin$p0', 'low cal meal', 'lowrestriction', 'fasting']",[]
"['4n0r3x14', '4na tw', 'ana trigger', 'not pr0 just for myself', 'notprojustusingthetags', 'pr0 @na', 'pr0 ana diary', 'pro 4na', 'ed diet', 'trans ana']",[]
"['notprojustusingthetags', 'tw edd', 'anor3x14', 'pr0 ana diary', 'bonespr0', 'ed but not sheeran', 'ed vent', '4n0r3x14', 'not pr0 4na', 'tw ana thoughts', 'ana trigger', 'weight loss help', 'help plz', 'mental illness']",[]
"['ed relapse', 'notprojustusingthetags', '4na tw', 'not pr0 4na', '4na blog', 'pr0 ana diary', 'tw ed diet', '4n0r3x14', 'ana trigger', 'ed diet']",[]
"['tw ed vent', 'th1n$po', 'th1nn', 'notprojustusingthetags', 'sk1nny', 'b0nespo', 'tw ed relapse', 'pr0 ana diary', 'tw ana thoughts', 'tw 3d']",[]
"['notprojustusingthetags', 'notpro', 'thinspo', 'meanspo', 'anorexia', 'anorexic', 'bulimia', 'bulimic', 'ed']",[]
"['tw ed rant', 'tw ed vent', 'not pro ana', 'not pr0 just for myself', 'notprojustusingthetags', 'pro 4na', 'th1n$po', '4n0r3x14', '4na blog', '4na thoughts', 'pro 4 me not 4 thee', 'i wish i was thinner']",[]
"['personal', 'notprojustusingthetags', 'thinspo']",[]
"['notprojusttags', 'notprojustusingthetags', 'tw ana thoughts', 'anarecyx', 'tw ed thoughts', 'tw ed vent', 'tw ed diet', '4na tw', 'tw eating issues']",[]
"['notprojustusingthetags', 'not pr0 just for myself', 'thinspo', 'thinsperation', 'thin$po', 'thin$p0', 'low cal meal', 'lowrestriction', 'fasting']",[]
"['4n0r3x14', '4na tw', 'ana trigger', 'not pr0 just for myself', 'notprojustusingthetags', 'pr0 @na', 'pr0 ana diary', 'pro 4na', 'ed diet', 'trans ana']",[]
"['notprojustusingthetags', 'tw edd', 'anor3x14', 'pr0 ana diary', 'bonespr0', 'ed but not sheeran', 'ed vent', '4n0r3x14', 'not pr0 4na', 'tw ana thoughts', 'ana trigger', 'weight loss help', 'help plz', 'mental illness']",[]
"['ed relapse', 'notprojustusingthetags', '4na tw', 'not pr0 4na', '4na blog', 'pr0 ana diary', 'tw ed diet', '4n0r3x14', 'ana trigger', 'ed diet']",[]
"['tw ed vent', 'th1n$po', 'th1nn', 'notprojustusingthetags', 'sk1nny', 'b0nespo', 'tw ed relapse', 'pr0 ana diary', 'tw ana thoughts', 'tw 3d']",[]
"['notprojustusingthetags', 'notpro', 'thinspo', 'meanspo', 'anorexia', 'anorexic', 'bulimia', 'bulimic', 'ed']",[]
"['tw ed rant', 'tw ed vent', 'not pro ana', 'not pr0 just for myself', 'notprojustusingthetags', 'pro 4na', 'th1n$po', '4n0r3x14', '4na blog', '4na thoughts', 'pro 4 me not 4 thee', 'i wish i was thinner']",[]
"['personal', 'notprojustusingthetags', 'thinspo']",[]
"['notprojusttags', 'notprojustusingthetags', 'tw ana thoughts', 'anarecyx', 'tw ed thoughts', 'tw ed vent', 'tw ed diet', '4na tw', 'tw eating issues']",[]
"['notprojustusingthetags', 'not pr0 just for myself', 'thinspo', 'thinsperation', 'thin$po', 'thin$p0', 'low cal meal', 'lowrestriction', 'fasting']",[]
"['4n0r3x14', '4na tw', 'ana trigger', 'not pr0 just for myself', 'notprojustusingthetags', 'pr0 @na', 'pr0 ana diary', 'pro 4na', 'ed diet', 'trans ana']",[]
"['notprojustusingthetags', 'tw edd', 'anor3x14', 'pr0 ana diary', 'bonespr0', 'ed but not sheeran', 'ed vent', '4n0r3x14', 'not pr0 4na', 'tw ana thoughts', 'ana trigger', 'weight loss help', 'help plz', 'mental illness']",[]
"['ed relapse', 'notprojustusingthetags', '4na tw', 'not pr0 4na', '4na blog', 'pr0 ana diary', 'tw ed diet', '4n0r3x14', 'ana trigger', 'ed diet']",[]
"['tw ed vent', 'th1n$po', 'th1nn', 'notprojustusingthetags', 'sk1nny', 'b0nespo', 'tw ed relapse', 'pr0 ana diary', 'tw ana thoughts', 'tw 3d']",[]
"['notprojustusingthetags', 'notpro', 'thinspo', 'meanspo', 'anorexia', 'anorexic', 'bulimia', 'bulimic', 'ed']",[]
"['tw ed rant', 'tw ed vent', 'not pro ana', 'not pr0 just for myself', 'notprojustusingthetags', 'pro 4na', 'th1n$po', '4n0r3x14', '4na blog', '4na thoughts', 'pro 4 me not 4 thee', 'i wish i was thinner']",[]
"['personal', 'notprojustusingthetags', 'thinspo']",[]
"['notprojusttags', 'notprojustusingthetags', 'tw ana thoughts', 'anarecyx', 'tw ed thoughts', 'tw ed vent', 'tw ed diet', '4na tw', 'tw eating issues']",[]
"['notprojustusingthetags', 'not pr0 just for myself', 'thinspo', 'thinsperation', 'thin$po', 'thin$p0', 'low cal meal', 'lowrestriction', 'fasting']",[]
"['4n0r3x14', '4na tw', 'ana trigger', 'not pr0 just for myself', 'notprojustusingthetags', 'pr0 @na', 'pr0 ana diary', 'pro 4na', 'ed diet', 'trans ana']",[]
"['notprojustusingthetags', 'tw edd', 'anor3x14', 'pr0 ana diary', 'bonespr0', 'ed but not sheeran', 'ed vent', '4n0r3x14', 'not pr0 4na', 'tw ana thoughts', 'ana trigger', 'weight loss help', 'help plz', 'mental illness']",[]
"['ed relapse', 'notprojustusingthetags', '4na tw', 'not pr0 4na', '4na blog', 'pr0 ana diary', 'tw ed diet', '4n0r3x14', 'ana trigger', 'ed diet']",[]
"['tw ed vent', 'th1n$po', 'th1nn', 'notprojustusingthetags', 'sk1nny', 'b0nespo', 'tw ed relapse', 'pr0 ana diary', 'tw ana thoughts', 'tw 3d']",[]
"['notprojustusingthetags', 'notpro', 'thinspo', 'meanspo', 'anorexia', 'anorexic', 'bulimia', 'bulimic', 'ed']",[]
"['tw ed rant', 'tw ed vent', 'not pro ana', 'not pr0 just for myself', 'notprojustusingthetags', 'pro 4na', 'th1n$po', '4n0r3x14', '4na blog', '4na thoughts', 'pro 4 me not 4 thee', 'i wish i was thinner']",[]
"['personal', 'notprojustusingthetags', 'thinspo']",[]
"['notprojusttags', 'notprojustusingthetags', 'tw ana thoughts', 'anarecyx', 'tw ed thoughts', 'tw ed vent', 'tw ed diet', '4na tw', 'tw eating issues']",[]
"['notprojustusingthetags', 'not pr0 just for myself', 'thinspo', 'thinsperation', 'thin$po', 'thin$p0', 'low cal meal', 'lowrestriction', 'fasting']",[]
"['4n0r3x14', '4na tw', 'ana trigger', 'not pr0 just for myself', 'notprojustusingthetags', 'pr0 @na', 'pr0 ana diary', 'pro 4na', 'ed diet', 'trans ana']",[]
"['notprojustusingthetags', 'tw edd', 'anor3x14', 'pr0 ana diary', 'bonespr0', 'ed but not sheeran', 'ed vent', '4n0r3x14', 'not pr0 4na', 'tw ana thoughts', 'ana trigger', 'weight loss help', 'help plz', 'mental illness']",[]
"['ed relapse', 'notprojustusingthetags', '4na tw', 'not pr0 4na', '4na blog', 'pr0 ana diary', 'tw ed diet', '4n0r3x14', 'ana trigger', 'ed diet']",[]
"['tw ed vent', 'th1n$po', 'th1nn', 'notprojustusingthetags', 'sk1nny', 'b0nespo', 'tw ed relapse', 'pr0 ana diary', 'tw ana thoughts', 'tw 3d']",[]
"['notprojustusingthetags', 'notpro', 'thinspo', 'meanspo', 'anorexia', 'anorexic', 'bulimia', 'bulimic', 'ed']",[]
"['tw ed rant', 'tw ed vent', 'not pro ana', 'not pr0 just for myself', 'notprojustusingthetags', 'pro 4na', 'th1n$po', '4n0r3x14', '4na blog', '4na thoughts', 'pro 4 me not 4 thee', 'i wish i was thinner']",[]
"['personal', 'notprojustusingthetags', 'thinspo']",[]
"['notprojusttags', 'notprojustusingthetags', 'tw ana thoughts', 'anarecyx', 'tw ed thoughts', 'tw ed vent', 'tw ed diet', '4na tw', 'tw eating issues']",[]
"['notprojustusingthetags', 'not pr0 just for myself', 'thinspo', 'thinsperation', 'thin$po', 'thin$p0', 'low cal meal', 'lowrestriction', 'fasting']",[]
"['4n0r3x14', '4na tw', 'ana trigger', 'not pr0 just for myself', 'notprojustusingthetags', 'pr0 @na', 'pr0 ana diary', 'pro 4na', 'ed diet', 'trans ana']",[]
"['notprojustusingthetags', 'tw edd', 'anor3x14', 'pr0 ana diary', 'bonespr0', 'ed but not sheeran', 'ed vent', '4n0r3x14', 'not pr0 4na', 'tw ana thoughts', 'ana trigger', 'weight loss help', 'help plz', 'mental illness']",[]
"['ed relapse', 'notprojustusingthetags', '4na tw', 'not pr0 4na', '4na blog', 'pr0 ana diary', 'tw ed diet', '4n0r3x14', 'ana trigger', 'ed diet']",[]
"['tw ed vent', 'th1n$po', 'th1nn', 'notprojustusingthetags', 'sk1nny', 'b0nespo', 'tw ed relapse', 'pr0 ana diary', 'tw ana thoughts', 'tw 3d']",[]
"['notprojustusingthetags', 'notpro', 'thinspo', 'meanspo', 'anorexia', 'anorexic', 'bulimia', 'bulimic', 'ed']",[]
"['tw ed rant', 'tw ed vent', 'not pro ana', 'not pr0 just for myself', 'notprojustusingthetags', 'pro 4na', 'th1n$po', '4n0r3x14', '4na blog', '4na thoughts', 'pro 4 me not 4 thee', 'i wish i was thinner']",[]
"['personal', 'notprojustusingthetags', 'thinspo']",[]
