"['pro ana', 'ana thinspiration', 'ana', 'anorexia', 'thinspiration', 'thinspo', 'ana songs', 'ana playlist']",[]
"['ana thinspiration', 'anorexia', 'pro ana', 'ana', 'ana diet']",[]
"['i will be skiny', 'pro ans', 'pro ana', 'pro anna', 'tw ana fast', 'tw ana thoughts', 'pr0 ana diary', 'ana trigger']",[]
"['Ed', 'Ed things', 'Ed culture', 'pro ana', 'pro Mia', 'not pro just using tags', 'ana', 'anorexia', 'toxic femininity', 'I want to be skinny', 'mine']",[]
"['ana thinspiration', 'ana diet', 'ana', 'pro ana', 'anorexia']",[]
"['pro ana', 'pro mia', 'not pro just using tags', 'not pr0 anything', 'not pr0 just for myself', 'ana trigger', 'eating disoder things', 'tw ana thoughts', 'ed vent', 'an0rex14', 'tw ana shit', 'pr0anna', 'pr0 3d', 'ana vent']",[]
"['i wish i was pretty', 'pro4n4', 'pro ana', 'not pr0 just for myself', 'i wanna lose weight', 'eating disorder', 'ed', '4nam1a', '4norex1a']",[]
"['i will be skiny', 'pro ana', 'pr0 ana diary', 'ana trigger', 'tw ana thoughts', 'tw ana fast', 'mia goth', 'pro ans']",[]
"['pro ana', 'pr0 ana diary', 'an4m1a', 'tw ed in the tags', 'ed behaviour tw']",[]
"['pro ana', 'ana journey', 'ana', 'triggering themes', 'bulemia', 'caloric restriction', 'crying', 'ana journal', 'food']",[]
"['Ed', 'Ed things', 'pro ana', 'pro Mia', 'not pro just using tags', 'anamia', 'anorexia', 'ana', 'Ed culture', 'mine']",[]
"['pro ana', 'pro4n4', '4norexia', '4norex1a', '4norexic', 'notprojustusingthetags', 'i will lose weight', 'i wish i was pretty', 'i wish i was thinner', 'i feel so bad', 'eating disorder', '4na fast', '4nam1a', '4na blog', 'i want to be weightless', 'i wanna lose weight']",[]
"['pro ana', 'ana trigger', 'pr0 ana diary', 'ana rules', 'tw ed vent', 'pro ed', 'tw ed in the tags', 'notprojustusingthetags', 'notprojusttags', 'not']",[]
"['ana rules', 'pro ana', 'ana trigger', 'pr0 ana diary', 'pro ed', 'tw ed in the tags', 'tw ed vent', 'notprojusttags', 'notprojustusingthetags', 'butch lesbian']",[]
"['pro ed', 'pr0 ana diary', 'ana trigger', 'tw ed in the tags', 'pro ana', 'thinspo', 'ana rules', 'pro 4na']",[]
['pro ana'],[]
