"['thinspo', 'sweetspo', 'fashion']",[]
"['thinspo', 'sweetspo', 'fashion']",[]
"['notprojustusingthetags', 'thinspo', 'meanspo', 'sweetspo', 'thinspiration']",[]
"['thinspo', 'sweetspo', 'fashion']",[]
"['eating diary', 'only pr0 for myself', 'sweetspo', 'thinspo', '4na blog', 'not pr0 4na']",[]
"['thinspo', 'sweetspo', 'fashion']",[]
"['thinspo', 'sweetspo', 'fashion']",[]
"['notprojustusingthetags', 'thinspo', 'meanspo', 'sweetspo', 'thinspiration']",[]
"['thinspo', 'sweetspo', 'fashion']",[]
"['eating diary', 'only pr0 for myself', 'sweetspo', 'thinspo', '4na blog', 'not pr0 4na']",[]
"['thinspo', 'sweetspo', 'fashion']",[]
"['thinspo', 'sweetspo', 'fashion']",[]
"['notprojustusingthetags', 'thinspo', 'meanspo', 'sweetspo', 'thinspiration']",[]
"['thinspo', 'sweetspo', 'fashion']",[]
"['eating diary', 'only pr0 for myself', 'sweetspo', 'thinspo', '4na blog', 'not pr0 4na']",[]
"['thinspo', 'sweetspo', 'fashion']",[]
"['thinspo', 'sweetspo', 'fashion']",[]
"['notprojustusingthetags', 'thinspo', 'meanspo', 'sweetspo', 'thinspiration']",[]
"['thinspo', 'sweetspo', 'fashion']",[]
"['eating diary', 'only pr0 for myself', 'sweetspo', 'thinspo', '4na blog', 'not pr0 4na']",[]
"['thinspo', 'sweetspo', 'fashion']",[]
"['thinspo', 'sweetspo', 'fashion']",[]
"['notprojustusingthetags', 'thinspo', 'meanspo', 'sweetspo', 'thinspiration']",[]
"['thinspo', 'sweetspo', 'fashion']",[]
"['eating diary', 'only pr0 for myself', 'sweetspo', 'thinspo', '4na blog', 'not pr0 4na']",[]
