"['thin', 'thinspo', 'skinny', 'ana', 'th1nspo', 'an0rex14', 'i wish i was thinner', 'an0rexic', 'anor3x14', 'skinnysp0', 'th11n$p0', 'skinnyyy', 'th1gh gap', 'i will be skiny', 'pro 4na', 'skiny love', 'thinnerpls', 'lrd', 'lily rose depp']",[]
"['gw', 'th1nspo', 'th1n$po', 'th1n$p0', 'eating disoder tw', 'pr0 3d', 'pro 4na', 'an0rex14', 'an0rexic']",[]
"['i wanna be th1n', 'th11nspo', 'th1nspo', '4n4 diet', 'ed inspo', 'pr0 @na', 'st4rving', 'pr04na']",[]
"['i wanna be th1n', 'not pr0 4n4', 'th11nspo', 'th1nspo', '4n4 diet', 'ed inspo', 'edhabits', 'pr0 @na', 'st4rving', 'pr04na', 'starvibg', 'pr0 3d', 'weight loss', 'ana trigger', 'bulimima', 'thinmodel', 'skinnier', 'ed diet']",[]
"['ed vent', 'ed diary', 'thinspo', 'th1nspo']",[]
"['i wanna be th1n', 'not pr0 4n4', 'th11nspo', 'th1nspo', '4n4 diet', 'ed inspo', 'edhabits', 'pr0 @na', 'st4rving', 'pr04na', 'starvibg', 'pr0 3d']",[]
"['i wanna be th1n', 'not pr0 4n4', 'th11nspo', 'th1nspo', '4n4 diet', 'ed inspo', 'edhabits', 'pr0 @na', 'st4rving', '4n0r3x14', 'starvibg', 'pr04na', 'edtumblr', 'pr0 3d']",[]
"['pro recovery', 'pro4na', 'i wish i was thinner', 'th1nspo', 'th1n$po', 'purg1ng', 'an0rexic', 'thinnsp0', 'th1n', 'ana c0ach', 'girlblogging', 'sk11ny', 'mia things', 'purg3', 'm34nsp0', 'bonespr0', '4norex1a', 'i want to be a skeleton']",[]
"['skinnysp0', 'getting skiny', 'th1nspo', 'ed diet', 'tw ed in the tags', 'i need to lose so much weight', 'lose stomach weight', 'weight loss goals', 'goal weight']",[]
"['pro recovery', 'pro4na', 'i wish i was thinner', 'th1nspo', 'th1n$po', 'th1n', 'an0rexic', 'thinnsp0', 'purg1ng']",[]
"['th1nspo', 'weight loss', 'goal weight', 'ugw here i come', 'getting skiny', 'skinnysp0', 'not pr0 just for myself']",[]
"['thinspo', 'th1nspo', 'tw bones', 'skinny', 'ed', 'anorexia', 'model', 'to the bone']",[]
"['thinspo', 'th1nspo', 'kpop', 'tw ed', 'eds', 'black girl', 'weight loss']",[]
"['th1nspo', 'th1n$po', 'pro4na', 'pro recovery', 'st4rv1ng', 'workout', 'i wanna be sk1nny']",[]
"['s4fe food', 'fe4r food', 'th1n', 'th1nspo', 'an0rexic', 'pro4na', 'i wish i was thinner', 'st4rve', 'r3strict', 'mutuals']",[]
"['pr0ana', 'th1nspo', 'ed th1ngs']",[]
"['th1nspo', 'tw 3d', 'not pr0 4na', 'pro m!4', 'not pro just want exposure']",[]
"['th1nspo', '@norex!a', 'pro 4n4', 'not pro just want exposure', 'pro m!4']",[]
"['thin', 'thinspo', 'skinny', 'ana', 'th1nspo', 'an0rex14', 'i wish i was thinner', 'an0rexic', 'anor3x14', 'skinnysp0', 'th11n$p0', 'skinnyyy', 'th1gh gap', 'i will be skiny', 'pro 4na', 'skiny love', 'thinnerpls', 'lrd', 'lily rose depp']",[]
"['gw', 'th1nspo', 'th1n$po', 'th1n$p0', 'eating disoder tw', 'pr0 3d', 'pro 4na', 'an0rex14', 'an0rexic']",[]
"['i wanna be th1n', 'th11nspo', 'th1nspo', '4n4 diet', 'ed inspo', 'pr0 @na', 'st4rving', 'pr04na']",[]
"['i wanna be th1n', 'not pr0 4n4', 'th11nspo', 'th1nspo', '4n4 diet', 'ed inspo', 'edhabits', 'pr0 @na', 'st4rving', 'pr04na', 'starvibg', 'pr0 3d', 'weight loss', 'ana trigger', 'bulimima', 'thinmodel', 'skinnier', 'ed diet']",[]
"['ed vent', 'ed diary', 'thinspo', 'th1nspo']",[]
"['i wanna be th1n', 'not pr0 4n4', 'th11nspo', 'th1nspo', '4n4 diet', 'ed inspo', 'edhabits', 'pr0 @na', 'st4rving', 'pr04na', 'starvibg', 'pr0 3d']",[]
"['i wanna be th1n', 'not pr0 4n4', 'th11nspo', 'th1nspo', '4n4 diet', 'ed inspo', 'edhabits', 'pr0 @na', 'st4rving', '4n0r3x14', 'starvibg', 'pr04na', 'edtumblr', 'pr0 3d']",[]
"['pro recovery', 'pro4na', 'i wish i was thinner', 'th1nspo', 'th1n$po', 'purg1ng', 'an0rexic', 'thinnsp0', 'th1n', 'ana c0ach', 'girlblogging', 'sk11ny', 'mia things', 'purg3', 'm34nsp0', 'bonespr0', '4norex1a', 'i want to be a skeleton']",[]
"['skinnysp0', 'getting skiny', 'th1nspo', 'ed diet', 'tw ed in the tags', 'i need to lose so much weight', 'lose stomach weight', 'weight loss goals', 'goal weight']",[]
"['pro recovery', 'pro4na', 'i wish i was thinner', 'th1nspo', 'th1n$po', 'th1n', 'an0rexic', 'thinnsp0', 'purg1ng']",[]
"['th1nspo', 'weight loss', 'goal weight', 'ugw here i come', 'getting skiny', 'skinnysp0', 'not pr0 just for myself']",[]
"['thinspo', 'th1nspo', 'tw bones', 'skinny', 'ed', 'anorexia', 'model', 'to the bone']",[]
"['thinspo', 'th1nspo', 'kpop', 'tw ed', 'eds', 'black girl', 'weight loss']",[]
"['th1nspo', 'th1n$po', 'pro4na', 'pro recovery', 'st4rv1ng', 'workout', 'i wanna be sk1nny']",[]
"['s4fe food', 'fe4r food', 'th1n', 'th1nspo', 'an0rexic', 'pro4na', 'i wish i was thinner', 'st4rve', 'r3strict', 'mutuals']",[]
"['pr0ana', 'th1nspo', 'ed th1ngs']",[]
"['th1nspo', 'tw 3d', 'not pr0 4na', 'pro m!4', 'not pro just want exposure']",[]
"['th1nspo', '@norex!a', 'pro 4n4', 'not pro just want exposure', 'pro m!4']",[]
"['thin', 'thinspo', 'skinny', 'ana', 'th1nspo', 'an0rex14', 'i wish i was thinner', 'an0rexic', 'anor3x14', 'skinnysp0', 'th11n$p0', 'skinnyyy', 'th1gh gap', 'i will be skiny', 'pro 4na', 'skiny love', 'thinnerpls', 'lrd', 'lily rose depp']",[]
"['gw', 'th1nspo', 'th1n$po', 'th1n$p0', 'eating disoder tw', 'pr0 3d', 'pro 4na', 'an0rex14', 'an0rexic']",[]
"['i wanna be th1n', 'th11nspo', 'th1nspo', '4n4 diet', 'ed inspo', 'pr0 @na', 'st4rving', 'pr04na']",[]
"['i wanna be th1n', 'not pr0 4n4', 'th11nspo', 'th1nspo', '4n4 diet', 'ed inspo', 'edhabits', 'pr0 @na', 'st4rving', 'pr04na', 'starvibg', 'pr0 3d', 'weight loss', 'ana trigger', 'bulimima', 'thinmodel', 'skinnier', 'ed diet']",[]
"['ed vent', 'ed diary', 'thinspo', 'th1nspo']",[]
"['i wanna be th1n', 'not pr0 4n4', 'th11nspo', 'th1nspo', '4n4 diet', 'ed inspo', 'edhabits', 'pr0 @na', 'st4rving', 'pr04na', 'starvibg', 'pr0 3d']",[]
"['i wanna be th1n', 'not pr0 4n4', 'th11nspo', 'th1nspo', '4n4 diet', 'ed inspo', 'edhabits', 'pr0 @na', 'st4rving', '4n0r3x14', 'starvibg', 'pr04na', 'edtumblr', 'pr0 3d']",[]
"['pro recovery', 'pro4na', 'i wish i was thinner', 'th1nspo', 'th1n$po', 'purg1ng', 'an0rexic', 'thinnsp0', 'th1n', 'ana c0ach', 'girlblogging', 'sk11ny', 'mia things', 'purg3', 'm34nsp0', 'bonespr0', '4norex1a', 'i want to be a skeleton']",[]
"['skinnysp0', 'getting skiny', 'th1nspo', 'ed diet', 'tw ed in the tags', 'i need to lose so much weight', 'lose stomach weight', 'weight loss goals', 'goal weight']",[]
"['pro recovery', 'pro4na', 'i wish i was thinner', 'th1nspo', 'th1n$po', 'th1n', 'an0rexic', 'thinnsp0', 'purg1ng']",[]
"['th1nspo', 'weight loss', 'goal weight', 'ugw here i come', 'getting skiny', 'skinnysp0', 'not pr0 just for myself']",[]
"['thinspo', 'th1nspo', 'tw bones', 'skinny', 'ed', 'anorexia', 'model', 'to the bone']",[]
"['thinspo', 'th1nspo', 'kpop', 'tw ed', 'eds', 'black girl', 'weight loss']",[]
"['th1nspo', 'th1n$po', 'pro4na', 'pro recovery', 'st4rv1ng', 'workout', 'i wanna be sk1nny']",[]
"['s4fe food', 'fe4r food', 'th1n', 'th1nspo', 'an0rexic', 'pro4na', 'i wish i was thinner', 'st4rve', 'r3strict', 'mutuals']",[]
"['pr0ana', 'th1nspo', 'ed th1ngs']",[]
"['th1nspo', 'tw 3d', 'not pr0 4na', 'pro m!4', 'not pro just want exposure']",[]
"['th1nspo', '@norex!a', 'pro 4n4', 'not pro just want exposure', 'pro m!4']",[]
"['thin', 'thinspo', 'skinny', 'ana', 'th1nspo', 'an0rex14', 'i wish i was thinner', 'an0rexic', 'anor3x14', 'skinnysp0', 'th11n$p0', 'skinnyyy', 'th1gh gap', 'i will be skiny', 'pro 4na', 'skiny love', 'thinnerpls', 'lrd', 'lily rose depp']",[]
"['gw', 'th1nspo', 'th1n$po', 'th1n$p0', 'eating disoder tw', 'pr0 3d', 'pro 4na', 'an0rex14', 'an0rexic']",[]
"['i wanna be th1n', 'th11nspo', 'th1nspo', '4n4 diet', 'ed inspo', 'pr0 @na', 'st4rving', 'pr04na']",[]
"['i wanna be th1n', 'not pr0 4n4', 'th11nspo', 'th1nspo', '4n4 diet', 'ed inspo', 'edhabits', 'pr0 @na', 'st4rving', 'pr04na', 'starvibg', 'pr0 3d', 'weight loss', 'ana trigger', 'bulimima', 'thinmodel', 'skinnier', 'ed diet']",[]
"['ed vent', 'ed diary', 'thinspo', 'th1nspo']",[]
"['i wanna be th1n', 'not pr0 4n4', 'th11nspo', 'th1nspo', '4n4 diet', 'ed inspo', 'edhabits', 'pr0 @na', 'st4rving', 'pr04na', 'starvibg', 'pr0 3d']",[]
"['i wanna be th1n', 'not pr0 4n4', 'th11nspo', 'th1nspo', '4n4 diet', 'ed inspo', 'edhabits', 'pr0 @na', 'st4rving', '4n0r3x14', 'starvibg', 'pr04na', 'edtumblr', 'pr0 3d']",[]
"['pro recovery', 'pro4na', 'i wish i was thinner', 'th1nspo', 'th1n$po', 'purg1ng', 'an0rexic', 'thinnsp0', 'th1n', 'ana c0ach', 'girlblogging', 'sk11ny', 'mia things', 'purg3', 'm34nsp0', 'bonespr0', '4norex1a', 'i want to be a skeleton']",[]
"['skinnysp0', 'getting skiny', 'th1nspo', 'ed diet', 'tw ed in the tags', 'i need to lose so much weight', 'lose stomach weight', 'weight loss goals', 'goal weight']",[]
"['pro recovery', 'pro4na', 'i wish i was thinner', 'th1nspo', 'th1n$po', 'th1n', 'an0rexic', 'thinnsp0', 'purg1ng']",[]
"['th1nspo', 'weight loss', 'goal weight', 'ugw here i come', 'getting skiny', 'skinnysp0', 'not pr0 just for myself']",[]
"['thinspo', 'th1nspo', 'tw bones', 'skinny', 'ed', 'anorexia', 'model', 'to the bone']",[]
"['thinspo', 'th1nspo', 'kpop', 'tw ed', 'eds', 'black girl', 'weight loss']",[]
"['th1nspo', 'th1n$po', 'pro4na', 'pro recovery', 'st4rv1ng', 'workout', 'i wanna be sk1nny']",[]
"['s4fe food', 'fe4r food', 'th1n', 'th1nspo', 'an0rexic', 'pro4na', 'i wish i was thinner', 'st4rve', 'r3strict', 'mutuals']",[]
"['pr0ana', 'th1nspo', 'ed th1ngs']",[]
"['th1nspo', 'tw 3d', 'not pr0 4na', 'pro m!4', 'not pro just want exposure']",[]
"['th1nspo', '@norex!a', 'pro 4n4', 'not pro just want exposure', 'pro m!4']",[]
"['thin', 'thinspo', 'skinny', 'ana', 'th1nspo', 'an0rex14', 'i wish i was thinner', 'an0rexic', 'anor3x14', 'skinnysp0', 'th11n$p0', 'skinnyyy', 'th1gh gap', 'i will be skiny', 'pro 4na', 'skiny love', 'thinnerpls', 'lrd', 'lily rose depp']",[]
"['gw', 'th1nspo', 'th1n$po', 'th1n$p0', 'eating disoder tw', 'pr0 3d', 'pro 4na', 'an0rex14', 'an0rexic']",[]
"['i wanna be th1n', 'th11nspo', 'th1nspo', '4n4 diet', 'ed inspo', 'pr0 @na', 'st4rving', 'pr04na']",[]
"['i wanna be th1n', 'not pr0 4n4', 'th11nspo', 'th1nspo', '4n4 diet', 'ed inspo', 'edhabits', 'pr0 @na', 'st4rving', 'pr04na', 'starvibg', 'pr0 3d', 'weight loss', 'ana trigger', 'bulimima', 'thinmodel', 'skinnier', 'ed diet']",[]
"['ed vent', 'ed diary', 'thinspo', 'th1nspo']",[]
"['i wanna be th1n', 'not pr0 4n4', 'th11nspo', 'th1nspo', '4n4 diet', 'ed inspo', 'edhabits', 'pr0 @na', 'st4rving', 'pr04na', 'starvibg', 'pr0 3d']",[]
"['i wanna be th1n', 'not pr0 4n4', 'th11nspo', 'th1nspo', '4n4 diet', 'ed inspo', 'edhabits', 'pr0 @na', 'st4rving', '4n0r3x14', 'starvibg', 'pr04na', 'edtumblr', 'pr0 3d']",[]
"['pro recovery', 'pro4na', 'i wish i was thinner', 'th1nspo', 'th1n$po', 'purg1ng', 'an0rexic', 'thinnsp0', 'th1n', 'ana c0ach', 'girlblogging', 'sk11ny', 'mia things', 'purg3', 'm34nsp0', 'bonespr0', '4norex1a', 'i want to be a skeleton']",[]
"['skinnysp0', 'getting skiny', 'th1nspo', 'ed diet', 'tw ed in the tags', 'i need to lose so much weight', 'lose stomach weight', 'weight loss goals', 'goal weight']",[]
"['pro recovery', 'pro4na', 'i wish i was thinner', 'th1nspo', 'th1n$po', 'th1n', 'an0rexic', 'thinnsp0', 'purg1ng']",[]
"['th1nspo', 'weight loss', 'goal weight', 'ugw here i come', 'getting skiny', 'skinnysp0', 'not pr0 just for myself']",[]
"['thinspo', 'th1nspo', 'tw bones', 'skinny', 'ed', 'anorexia', 'model', 'to the bone']",[]
"['thinspo', 'th1nspo', 'kpop', 'tw ed', 'eds', 'black girl', 'weight loss']",[]
"['th1nspo', 'th1n$po', 'pro4na', 'pro recovery', 'st4rv1ng', 'workout', 'i wanna be sk1nny']",[]
"['s4fe food', 'fe4r food', 'th1n', 'th1nspo', 'an0rexic', 'pro4na', 'i wish i was thinner', 'st4rve', 'r3strict', 'mutuals']",[]
"['pr0ana', 'th1nspo', 'ed th1ngs']",[]
"['th1nspo', 'tw 3d', 'not pr0 4na', 'pro m!4', 'not pro just want exposure']",[]
"['th1nspo', '@norex!a', 'pro 4n4', 'not pro just want exposure', 'pro m!4']",[]
