"['ana', 'edmemes', 'thinspii', 'thinspo', 'thinnsp0', 'not pr0 just for myself', 'anorexya', 'annorexya', 'annorexia', 'ana rules', 'getting skiny', 'i want to be a skeleton', 'th1n$po', 'tw ed diet', 'tw ed sheeran']",[]
"['ana', 'edmemes', 'thinspii', 'thinspo', 'thinnsp0', 'not pr0 just for myself', 'anorexya', 'annorexya', 'annorexia', 'ana rules', 'getting skiny', 'i want to be a skeleton', 'th1n$po', 'tw ed diet', 'tw ed sheeran']",[]
"['ed things', 'thinspii', 'thinsppa', 'ed tingz', 'anorexik', 'ana things', 'anoriexa']",[]
"['me lol', 'anorexya', 'anorexiic', 'thinspii', '4n4 blog', 'not pro just using tags', 'pro 4ana', '4n4', 'th1n$po', 'an0rex1a', 'body chex', 'ed fast', 'intermittent fasti']",[]
"['anarecyx', 'thinspii', 'thinspoo', 'anarecja']",[]
"['ana', 'edmemes', 'thinspii', 'thinspo', 'thinnsp0', 'not pr0 just for myself', 'anorexya', 'annorexya', 'annorexia', 'ana rules', 'getting skiny', 'i want to be a skeleton', 'th1n$po', 'tw ed diet', 'tw ed sheeran']",[]
"['ana', 'edmemes', 'thinspii', 'thinspo', 'thinnsp0', 'not pr0 just for myself', 'anorexya', 'annorexya', 'annorexia', 'ana rules', 'getting skiny', 'i want to be a skeleton', 'th1n$po', 'tw ed diet', 'tw ed sheeran']",[]
"['ed things', 'thinspii', 'thinsppa', 'ed tingz', 'anorexik', 'ana things', 'anoriexa']",[]
"['me lol', 'anorexya', 'anorexiic', 'thinspii', '4n4 blog', 'not pro just using tags', 'pro 4ana', '4n4', 'th1n$po', 'an0rex1a', 'body chex', 'ed fast', 'intermittent fasti']",[]
"['anarecyx', 'thinspii', 'thinspoo', 'anarecja']",[]
"['ana', 'edmemes', 'thinspii', 'thinspo', 'thinnsp0', 'not pr0 just for myself', 'anorexya', 'annorexya', 'annorexia', 'ana rules', 'getting skiny', 'i want to be a skeleton', 'th1n$po', 'tw ed diet', 'tw ed sheeran']",[]
"['ana', 'edmemes', 'thinspii', 'thinspo', 'thinnsp0', 'not pr0 just for myself', 'anorexya', 'annorexya', 'annorexia', 'ana rules', 'getting skiny', 'i want to be a skeleton', 'th1n$po', 'tw ed diet', 'tw ed sheeran']",[]
"['ed things', 'thinspii', 'thinsppa', 'ed tingz', 'anorexik', 'ana things', 'anoriexa']",[]
"['me lol', 'anorexya', 'anorexiic', 'thinspii', '4n4 blog', 'not pro just using tags', 'pro 4ana', '4n4', 'th1n$po', 'an0rex1a', 'body chex', 'ed fast', 'intermittent fasti']",[]
"['anarecyx', 'thinspii', 'thinspoo', 'anarecja']",[]
"['ana', 'edmemes', 'thinspii', 'thinspo', 'thinnsp0', 'not pr0 just for myself', 'anorexya', 'annorexya', 'annorexia', 'ana rules', 'getting skiny', 'i want to be a skeleton', 'th1n$po', 'tw ed diet', 'tw ed sheeran']",[]
"['ana', 'edmemes', 'thinspii', 'thinspo', 'thinnsp0', 'not pr0 just for myself', 'anorexya', 'annorexya', 'annorexia', 'ana rules', 'getting skiny', 'i want to be a skeleton', 'th1n$po', 'tw ed diet', 'tw ed sheeran']",[]
"['ed things', 'thinspii', 'thinsppa', 'ed tingz', 'anorexik', 'ana things', 'anoriexa']",[]
"['me lol', 'anorexya', 'anorexiic', 'thinspii', '4n4 blog', 'not pro just using tags', 'pro 4ana', '4n4', 'th1n$po', 'an0rex1a', 'body chex', 'ed fast', 'intermittent fasti']",[]
"['anarecyx', 'thinspii', 'thinspoo', 'anarecja']",[]
"['ana', 'edmemes', 'thinspii', 'thinspo', 'thinnsp0', 'not pr0 just for myself', 'anorexya', 'annorexya', 'annorexia', 'ana rules', 'getting skiny', 'i want to be a skeleton', 'th1n$po', 'tw ed diet', 'tw ed sheeran']",[]
"['ana', 'edmemes', 'thinspii', 'thinspo', 'thinnsp0', 'not pr0 just for myself', 'anorexya', 'annorexya', 'annorexia', 'ana rules', 'getting skiny', 'i want to be a skeleton', 'th1n$po', 'tw ed diet', 'tw ed sheeran']",[]
"['ed things', 'thinspii', 'thinsppa', 'ed tingz', 'anorexik', 'ana things', 'anoriexa']",[]
"['me lol', 'anorexya', 'anorexiic', 'thinspii', '4n4 blog', 'not pro just using tags', 'pro 4ana', '4n4', 'th1n$po', 'an0rex1a', 'body chex', 'ed fast', 'intermittent fasti']",[]
"['anarecyx', 'thinspii', 'thinspoo', 'anarecja']",[]
"['ana', 'edmemes', 'thinspii', 'thinspo', 'thinnsp0', 'not pr0 just for myself', 'anorexya', 'annorexya', 'annorexia', 'ana rules', 'getting skiny', 'i want to be a skeleton', 'th1n$po', 'tw ed diet', 'tw ed sheeran']",[]
"['ana', 'edmemes', 'thinspii', 'thinspo', 'thinnsp0', 'not pr0 just for myself', 'anorexya', 'annorexya', 'annorexia', 'ana rules', 'getting skiny', 'i want to be a skeleton', 'th1n$po', 'tw ed diet', 'tw ed sheeran']",[]
"['ed things', 'thinspii', 'thinsppa', 'ed tingz', 'anorexik', 'ana things', 'anoriexa']",[]
"['me lol', 'anorexya', 'anorexiic', 'thinspii', '4n4 blog', 'not pro just using tags', 'pro 4ana', '4n4', 'th1n$po', 'an0rex1a', 'body chex', 'ed fast', 'intermittent fasti']",[]
"['anarecyx', 'thinspii', 'thinspoo', 'anarecja']",[]
"['ana', 'edmemes', 'thinspii', 'thinspo', 'thinnsp0', 'not pr0 just for myself', 'anorexya', 'annorexya', 'annorexia', 'ana rules', 'getting skiny', 'i want to be a skeleton', 'th1n$po', 'tw ed diet', 'tw ed sheeran']",[]
"['ana', 'edmemes', 'thinspii', 'thinspo', 'thinnsp0', 'not pr0 just for myself', 'anorexya', 'annorexya', 'annorexia', 'ana rules', 'getting skiny', 'i want to be a skeleton', 'th1n$po', 'tw ed diet', 'tw ed sheeran']",[]
"['ed things', 'thinspii', 'thinsppa', 'ed tingz', 'anorexik', 'ana things', 'anoriexa']",[]
"['me lol', 'anorexya', 'anorexiic', 'thinspii', '4n4 blog', 'not pro just using tags', 'pro 4ana', '4n4', 'th1n$po', 'an0rex1a', 'body chex', 'ed fast', 'intermittent fasti']",[]
"['anarecyx', 'thinspii', 'thinspoo', 'anarecja']",[]
"['ana', 'edmemes', 'thinspii', 'thinspo', 'thinnsp0', 'not pr0 just for myself', 'anorexya', 'annorexya', 'annorexia', 'ana rules', 'getting skiny', 'i want to be a skeleton', 'th1n$po', 'tw ed diet', 'tw ed sheeran']",[]
"['ana', 'edmemes', 'thinspii', 'thinspo', 'thinnsp0', 'not pr0 just for myself', 'anorexya', 'annorexya', 'annorexia', 'ana rules', 'getting skiny', 'i want to be a skeleton', 'th1n$po', 'tw ed diet', 'tw ed sheeran']",[]
"['ed things', 'thinspii', 'thinsppa', 'ed tingz', 'anorexik', 'ana things', 'anoriexa']",[]
"['me lol', 'anorexya', 'anorexiic', 'thinspii', '4n4 blog', 'not pro just using tags', 'pro 4ana', '4n4', 'th1n$po', 'an0rex1a', 'body chex', 'ed fast', 'intermittent fasti']",[]
"['anarecyx', 'thinspii', 'thinspoo', 'anarecja']",[]
"['ana', 'edmemes', 'thinspii', 'thinspo', 'thinnsp0', 'not pr0 just for myself', 'anorexya', 'annorexya', 'annorexia', 'ana rules', 'getting skiny', 'i want to be a skeleton', 'th1n$po', 'tw ed diet', 'tw ed sheeran']",[]
"['ana', 'edmemes', 'thinspii', 'thinspo', 'thinnsp0', 'not pr0 just for myself', 'anorexya', 'annorexya', 'annorexia', 'ana rules', 'getting skiny', 'i want to be a skeleton', 'th1n$po', 'tw ed diet', 'tw ed sheeran']",[]
"['ed things', 'thinspii', 'thinsppa', 'ed tingz', 'anorexik', 'ana things', 'anoriexa']",[]
"['me lol', 'anorexya', 'anorexiic', 'thinspii', '4n4 blog', 'not pro just using tags', 'pro 4ana', '4n4', 'th1n$po', 'an0rex1a', 'body chex', 'ed fast', 'intermittent fasti']",[]
"['anarecyx', 'thinspii', 'thinspoo', 'anarecja']",[]
"['ana', 'edmemes', 'thinspii', 'thinspo', 'thinnsp0', 'not pr0 just for myself', 'anorexya', 'annorexya', 'annorexia', 'ana rules', 'getting skiny', 'i want to be a skeleton', 'th1n$po', 'tw ed diet', 'tw ed sheeran']",[]
"['ana', 'edmemes', 'thinspii', 'thinspo', 'thinnsp0', 'not pr0 just for myself', 'anorexya', 'annorexya', 'annorexia', 'ana rules', 'getting skiny', 'i want to be a skeleton', 'th1n$po', 'tw ed diet', 'tw ed sheeran']",[]
"['ed things', 'thinspii', 'thinsppa', 'ed tingz', 'anorexik', 'ana things', 'anoriexa']",[]
"['me lol', 'anorexya', 'anorexiic', 'thinspii', '4n4 blog', 'not pro just using tags', 'pro 4ana', '4n4', 'th1n$po', 'an0rex1a', 'body chex', 'ed fast', 'intermittent fasti']",[]
"['anarecyx', 'thinspii', 'thinspoo', 'anarecja']",[]
"['ana', 'edmemes', 'thinspii', 'thinspo', 'thinnsp0', 'not pr0 just for myself', 'anorexya', 'annorexya', 'annorexia', 'ana rules', 'getting skiny', 'i want to be a skeleton', 'th1n$po', 'tw ed diet', 'tw ed sheeran']",[]
"['ana', 'edmemes', 'thinspii', 'thinspo', 'thinnsp0', 'not pr0 just for myself', 'anorexya', 'annorexya', 'annorexia', 'ana rules', 'getting skiny', 'i want to be a skeleton', 'th1n$po', 'tw ed diet', 'tw ed sheeran']",[]
"['ed things', 'thinspii', 'thinsppa', 'ed tingz', 'anorexik', 'ana things', 'anoriexa']",[]
"['me lol', 'anorexya', 'anorexiic', 'thinspii', '4n4 blog', 'not pro just using tags', 'pro 4ana', '4n4', 'th1n$po', 'an0rex1a', 'body chex', 'ed fast', 'intermittent fasti']",[]
"['anarecyx', 'thinspii', 'thinspoo', 'anarecja']",[]
"['ana', 'edmemes', 'thinspii', 'thinspo', 'thinnsp0', 'not pr0 just for myself', 'anorexya', 'annorexya', 'annorexia', 'ana rules', 'getting skiny', 'i want to be a skeleton', 'th1n$po', 'tw ed diet', 'tw ed sheeran']",[]
"['ana', 'edmemes', 'thinspii', 'thinspo', 'thinnsp0', 'not pr0 just for myself', 'anorexya', 'annorexya', 'annorexia', 'ana rules', 'getting skiny', 'i want to be a skeleton', 'th1n$po', 'tw ed diet', 'tw ed sheeran']",[]
"['ed things', 'thinspii', 'thinsppa', 'ed tingz', 'anorexik', 'ana things', 'anoriexa']",[]
"['me lol', 'anorexya', 'anorexiic', 'thinspii', '4n4 blog', 'not pro just using tags', 'pro 4ana', '4n4', 'th1n$po', 'an0rex1a', 'body chex', 'ed fast', 'intermittent fasti']",[]
"['anarecyx', 'thinspii', 'thinspoo', 'anarecja']",[]
"['ana', 'edmemes', 'thinspii', 'thinspo', 'thinnsp0', 'not pr0 just for myself', 'anorexya', 'annorexya', 'annorexia', 'ana rules', 'getting skiny', 'i want to be a skeleton', 'th1n$po', 'tw ed diet', 'tw ed sheeran']",[]
"['ana', 'edmemes', 'thinspii', 'thinspo', 'thinnsp0', 'not pr0 just for myself', 'anorexya', 'annorexya', 'annorexia', 'ana rules', 'getting skiny', 'i want to be a skeleton', 'th1n$po', 'tw ed diet', 'tw ed sheeran']",[]
"['ed things', 'thinspii', 'thinsppa', 'ed tingz', 'anorexik', 'ana things', 'anoriexa']",[]
"['me lol', 'anorexya', 'anorexiic', 'thinspii', '4n4 blog', 'not pro just using tags', 'pro 4ana', '4n4', 'th1n$po', 'an0rex1a', 'body chex', 'ed fast', 'intermittent fasti']",[]
"['anarecyx', 'thinspii', 'thinspoo', 'anarecja']",[]
"['ana', 'edmemes', 'thinspii', 'thinspo', 'thinnsp0', 'not pr0 just for myself', 'anorexya', 'annorexya', 'annorexia', 'ana rules', 'getting skiny', 'i want to be a skeleton', 'th1n$po', 'tw ed diet', 'tw ed sheeran']",[]
"['ana', 'edmemes', 'thinspii', 'thinspo', 'thinnsp0', 'not pr0 just for myself', 'anorexya', 'annorexya', 'annorexia', 'ana rules', 'getting skiny', 'i want to be a skeleton', 'th1n$po', 'tw ed diet', 'tw ed sheeran']",[]
"['ed things', 'thinspii', 'thinsppa', 'ed tingz', 'anorexik', 'ana things', 'anoriexa']",[]
"['me lol', 'anorexya', 'anorexiic', 'thinspii', '4n4 blog', 'not pro just using tags', 'pro 4ana', '4n4', 'th1n$po', 'an0rex1a', 'body chex', 'ed fast', 'intermittent fasti']",[]
"['anarecyx', 'thinspii', 'thinspoo', 'anarecja']",[]
"['ana', 'edmemes', 'thinspii', 'thinspo', 'thinnsp0', 'not pr0 just for myself', 'anorexya', 'annorexya', 'annorexia', 'ana rules', 'getting skiny', 'i want to be a skeleton', 'th1n$po', 'tw ed diet', 'tw ed sheeran']",[]
"['ana', 'edmemes', 'thinspii', 'thinspo', 'thinnsp0', 'not pr0 just for myself', 'anorexya', 'annorexya', 'annorexia', 'ana rules', 'getting skiny', 'i want to be a skeleton', 'th1n$po', 'tw ed diet', 'tw ed sheeran']",[]
"['ed things', 'thinspii', 'thinsppa', 'ed tingz', 'anorexik', 'ana things', 'anoriexa']",[]
"['me lol', 'anorexya', 'anorexiic', 'thinspii', '4n4 blog', 'not pro just using tags', 'pro 4ana', '4n4', 'th1n$po', 'an0rex1a', 'body chex', 'ed fast', 'intermittent fasti']",[]
"['anarecyx', 'thinspii', 'thinspoo', 'anarecja']",[]
"['ana', 'edmemes', 'thinspii', 'thinspo', 'thinnsp0', 'not pr0 just for myself', 'anorexya', 'annorexya', 'annorexia', 'ana rules', 'getting skiny', 'i want to be a skeleton', 'th1n$po', 'tw ed diet', 'tw ed sheeran']",[]
"['ana', 'edmemes', 'thinspii', 'thinspo', 'thinnsp0', 'not pr0 just for myself', 'anorexya', 'annorexya', 'annorexia', 'ana rules', 'getting skiny', 'i want to be a skeleton', 'th1n$po', 'tw ed diet', 'tw ed sheeran']",[]
"['ed things', 'thinspii', 'thinsppa', 'ed tingz', 'anorexik', 'ana things', 'anoriexa']",[]
"['me lol', 'anorexya', 'anorexiic', 'thinspii', '4n4 blog', 'not pro just using tags', 'pro 4ana', '4n4', 'th1n$po', 'an0rex1a', 'body chex', 'ed fast', 'intermittent fasti']",[]
"['anarecyx', 'thinspii', 'thinspoo', 'anarecja']",[]
"['ana', 'edmemes', 'thinspii', 'thinspo', 'thinnsp0', 'not pr0 just for myself', 'anorexya', 'annorexya', 'annorexia', 'ana rules', 'getting skiny', 'i want to be a skeleton', 'th1n$po', 'tw ed diet', 'tw ed sheeran']",[]
"['ana', 'edmemes', 'thinspii', 'thinspo', 'thinnsp0', 'not pr0 just for myself', 'anorexya', 'annorexya', 'annorexia', 'ana rules', 'getting skiny', 'i want to be a skeleton', 'th1n$po', 'tw ed diet', 'tw ed sheeran']",[]
"['ed things', 'thinspii', 'thinsppa', 'ed tingz', 'anorexik', 'ana things', 'anoriexa']",[]
"['me lol', 'anorexya', 'anorexiic', 'thinspii', '4n4 blog', 'not pro just using tags', 'pro 4ana', '4n4', 'th1n$po', 'an0rex1a', 'body chex', 'ed fast', 'intermittent fasti']",[]
"['anarecyx', 'thinspii', 'thinspoo', 'anarecja']",[]
"['ana', 'edmemes', 'thinspii', 'thinspo', 'thinnsp0', 'not pr0 just for myself', 'anorexya', 'annorexya', 'annorexia', 'ana rules', 'getting skiny', 'i want to be a skeleton', 'th1n$po', 'tw ed diet', 'tw ed sheeran']",[]
"['ana', 'edmemes', 'thinspii', 'thinspo', 'thinnsp0', 'not pr0 just for myself', 'anorexya', 'annorexya', 'annorexia', 'ana rules', 'getting skiny', 'i want to be a skeleton', 'th1n$po', 'tw ed diet', 'tw ed sheeran']",[]
"['ed things', 'thinspii', 'thinsppa', 'ed tingz', 'anorexik', 'ana things', 'anoriexa']",[]
"['me lol', 'anorexya', 'anorexiic', 'thinspii', '4n4 blog', 'not pro just using tags', 'pro 4ana', '4n4', 'th1n$po', 'an0rex1a', 'body chex', 'ed fast', 'intermittent fasti']",[]
"['anarecyx', 'thinspii', 'thinspoo', 'anarecja']",[]
"['ana', 'edmemes', 'thinspii', 'thinspo', 'thinnsp0', 'not pr0 just for myself', 'anorexya', 'annorexya', 'annorexia', 'ana rules', 'getting skiny', 'i want to be a skeleton', 'th1n$po', 'tw ed diet', 'tw ed sheeran']",[]
"['ana', 'edmemes', 'thinspii', 'thinspo', 'thinnsp0', 'not pr0 just for myself', 'anorexya', 'annorexya', 'annorexia', 'ana rules', 'getting skiny', 'i want to be a skeleton', 'th1n$po', 'tw ed diet', 'tw ed sheeran']",[]
"['ed things', 'thinspii', 'thinsppa', 'ed tingz', 'anorexik', 'ana things', 'anoriexa']",[]
"['me lol', 'anorexya', 'anorexiic', 'thinspii', '4n4 blog', 'not pro just using tags', 'pro 4ana', '4n4', 'th1n$po', 'an0rex1a', 'body chex', 'ed fast', 'intermittent fasti']",[]
"['anarecyx', 'thinspii', 'thinspoo', 'anarecja']",[]
