"['thinspiration', 'thinspo', 'thinsp0', 'thinspho', 'thin', 'model thin', 'ana', 'anorexia', 'anorexic', 'pro ana', 'proana', 'not pro just tags', 'anoresick', 'anorexik', 'anorexsick', 'anamia', 'ana mia', 'ed', 'tw', 'tw ed', 'eating disorder', 'eatingdisorder', 'tw ana shit', 'tw ana things', 'tw ana vent']",[]
"['thinspiration', 'thinspo', 'thinsp0', 'thinspho', 'thin', 'model thin', 'ana', 'anorexia', 'anorexic', 'pro ana', 'proana', 'not pro just tags', 'anoresick', 'anorexik', 'anorexsick', 'anamia', 'ana mia', 'ed', 'tw', 'tw ed', 'eating disorder', 'eatingdisorder', 'tw ana shit', 'tw ana things', 'tw ana vent']",[]
"['me', 'mine', 'anorexyc', 'pro ania', 'thin', 'not pro just using tags', 'anorexa', 'anorexya', 'bulimiia', 'tiny waist', 'ed', 'ed blog', 'thinner', 'anxitey', 'depression', 'skinnny', 'thinspa', 'thinspiro', 'aesthetic', 'pro ana', 'main character', 'that girl', 'fashion', 'lose weight', 'flat stomach', 'perfect']",[]
"['skinny', 'pr0 ana diary', 'tw ana thoughts', 'thin', 'dead girl', 'sk1nny', 'skinnysp0', 'i wish i was thinner', 'tw eating issues', 'emo', 'mcr', 'ana', 'bulimia', 'ed', 'th1nner']",[]
"['thinspo', 'ed', 'skinny', 'ana', 'thin', 'anorexia', 'eating disorder', 'anorexjc', 'tw ed mention', 'anorexic', 'disordered eating tw', 'i want to be skiny', 'skiiiiny', 'skip dinner get thinner', 'anamia', 'i want to be a skeleton']",[]
"['tw ed', 'thin', 'skinny', 'ed', 'ana', 'thinspo']",[]
"['4n4', 'tw ed', 'thin', 'th1n5p0', 'ana', 'not pr0 4na', 'pr0', 'thinspo']",[]
"['tw ana relapse', 'bonespr0', 'thinspo', 'tw bones', 'thin', 'ana', 'tw weight', 'bulimima', 'i need to lose this weight', 'anorexic']",['me too pal']
"['anya taylor joy', 'skinny', 'thin', 'weightloss', 'thighgap', 'skinnylegs', 'skinnygirl', 'legspo', 'motivation', 'collarbones', 'bodygoals', 'skinnybody']",[]
"['tiktok', 'thin', 'thinspo', 'fashion', 'ootd', 'fitspo', 'lana del rey', 'ariana grande', 'coord', 'jfashion', 'thigh gap', 'upload']",[]
"['ballerina', 'thin', 'thinspo', 'ootd', 'fashion', 'pink', 'pastelcore', 'lana del rey', 'ariana grande', 'upload']",[]
"['ed', 'thin', 'ed diet', 'th!n$piration']",[]
"['ed', 'ana', 'thin', 'th!nspo', 'th!n$piration', 'bulmiia', 'mia', 'skinnnny']",[]
"['skinny', 'iwillbeskinny', 'thinspo', 'thin', 'thighgap', 'weightcheck', 'bodycheck']",[]
"['thin', 'wafer', 'handling', 'warp', 'carrier', 'supporter', '3dic', '3d package', '3d printing', 'mcm', 'mcp', 'soic', 'cowos', 'vacuum', 'package', 'etch', 'plasma', 'beam', 'ion', 'pvd', 'cvd', 'trim', 'foil', 'flat']",[]
"['energy', 'weight loss', 'i want to be weightless', 'thin', 'th11n$p0', 'i will be th1n', 'pro 4na', '4n4', '4n4r3x14', '4na fast', '4na tw']",[]
"['medicine', 'weight gain', 'weight loss', 'i wish i was thinner', 'thin', 'ana']",[]
"['thin', 'i wish i was thinner', 'ana', 'i want to be weightless', 'weight']",[]
"['thin', 'th!nspo', 'ana', 'anarecyx', 'b0nesp0', 'ed diet']",[]
"['thin', 'thin privilege', 'body', 'L']",[]
['l'],[]
"['author ask', 'curious anon', 'L']",[]
"['l', 'lena', 'lane', 'leah']",[]
"['why do only 6 of my followers have goodreads apparently y’all need to start reading', 'l']",[]
"['it’s almost been a week', 'we’ve been done for three years', 'why can’t i get over it', 'bpd', 'l']",[]
"['lmao', 'death note', 'kyosuke higuchi', 'L', 'l death note', 'bbies']",[]
"['not because I particularly want to be remembered myself but I like the idea of burying things for people to find', 'it’s a romantic notion', 'l']",[]
"['florian hetz', 'l', 'lu yiang', 'lu yang', 'kalbut']",[]
"['latina', 'madura', 'l', 'L', 'Large']",[]
"['personal', 'awesome', 'happy', 'L', 'escape room', 'Lego Star Wars']",[]
"['new lore', 'get fucked', 'L', 'I made lore peeps', 'I made fucking lore']",[]
