"['thinspo', 'twedmention', 'not pr0 anything', 'sh']",[]
"['thinspo', 'twedmention', 'not pr0 anything', 'sh']",[]
"['thinspo', 'twedmention', 'not pr0 anything', 'sh']",[]
"['thinspo', 'twedmention', 'not pr0 anything', 'sh']",[]
"['thinspo', 'twedmention', 'not pr0 anything', 'sh']",[]
"['thinspo', 'twedmention', 'not pr0 anything', 'sh']",[]
"['thinspo', 'twedmention', 'not pr0 anything', 'sh']",[]
"['thinspo', 'twedmention', 'not pr0 anything', 'sh']",[]
"['thinspo', 'twedmention', 'not pr0 anything', 'sh']",[]
"['thinspo', 'twedmention', 'not pr0 anything', 'sh']",[]
"['thinspo', 'twedmention', 'not pr0 anything', 'sh']",[]
"['thinspo', 'twedmention', 'not pr0 anything', 'sh']",[]
"['thinspo', 'twedmention', 'not pr0 anything', 'sh']",[]
"['thinspo', 'twedmention', 'not pr0 anything', 'sh']",[]
"['thinspo', 'twedmention', 'not pr0 anything', 'sh']",[]
"['thinspo', 'twedmention', 'not pr0 anything', 'sh']",[]
"['thinspo', 'twedmention', 'not pr0 anything', 'sh']",[]
"['thinspo', 'twedmention', 'not pr0 anything', 'sh']",[]
"['thinspo', 'twedmention', 'not pr0 anything', 'sh']",[]
